Ferrari 488 GT3 Evo 2020,iracing,baseline.sto,dry
Speed (KPH),-10,-12,-14,-16,-18,-20,-22,-24,-26,-28,-30,-32,-34,-36,-38,-40,-42,-44,-46,-48,-50,-52,-54,-56,-59,-63,-68,-74,-81,-89,-98,-108,-119,-131,-144,-158,-173,10,13,17,21,25,29,33,37,41,45,49,53,58,64,71,79,88,98,109,121,134,148,163,179
0,,,,,,,,,,,,,,,,,,,,,,,,,,,,,,,,,,,,,,,,,,,,,,,,,,,,,,,,,,,,,
1,0.059142,0.070987,0.080831,0.093486,0.105619,0.117888,0.142370,0.151602,0.169044,0.181741,0.197772,0.207334,0.225428,0.246951,0.250726,0.260870,0.273974,0.285820,0.299742,0.309837,0.325428,0.340138,0.354327,0.365951,0.383758,0.410298,0.443792,0.483682,0.533980,0.584424,0.644292,0.710601,0.786875,0.860444,0.951109,1.037579,1.144839,-0.059218,-0.077757,-0.095079,-0.129809,-0.169408,-0.194444,-0.217572,-0.240672,-0.263998,-0.292775,-0.321485,-0.349333,-0.382110,-0.419064,-0.463122,-0.522262,-0.578510,-0.646345,-0.715973,-0.792950,-0.883792,-0.974582,-1.073464,-1.190283
2,0.127521,0.149190,0.171343,0.200444,0.228833,0.255270,0.282962,0.309489,0.333701,0.356887,0.387288,0.418209,0.439490,0.468487,0.497741,0.519225,0.550312,0.572124,0.602486,0.633420,0.655769,0.677323,0.707759,0.732861,0.772127,0.824063,0.894932,0.970532,1.063317,1.165881,1.289653,1.423918,1.566754,1.723715,1.900869,2.078776,2.292561,-0.130176,-0.168499,-0.217653,-0.271604,-0.326299,-0.375087,-0.429253,-0.481892,-0.539157,-0.587912,-0.644713,-0.699994,-0.765277,-0.841224,-0.934608,-1.039875,-1.157504,-1.285140,-1.427128,-1.596556,-1.767534,-1.956606,-2.143867,-2.363299
3,0.180169,0.222725,0.257669,0.293241,0.340118,0.378245,0.419024,0.455023,0.493221,0.536684,0.568095,0.612753,0.661047,0.694341,0.731746,0.777465,0.810447,0.851783,0.887239,0.922270,0.971045,1.007050,1.051591,1.078159,1.147333,1.218490,1.321486,1.445100,1.586113,1.742744,1.917967,2.115296,2.336848,2.573931,2.826359,3.123064,3.420473,-0.183951,-0.241341,-0.321515,-0.390727,-0.481879,-0.557263,-0.637620,-0.713942,-0.794309,-0.876464,-0.948008,-1.030962,-1.118369,-1.246348,-1.384440,-1.541403,-1.725845,-1.919612,-2.131083,-2.378586,-2.627629,-2.908127,-3.219217,-3.535566
4,0.237509,0.287136,0.336312,0.396330,0.453343,0.513645,0.552068,0.603439,0.664423,0.725122,0.762482,0.822878,0.877370,0.928097,0.992938,1.033880,1.096989,1.142521,1.196890,1.227928,1.300903,1.361698,1.407777,1.467667,1.541390,1.646604,1.781901,1.937154,2.128943,2.328618,2.566886,2.829349,3.127939,3.453218,3.793492,4.158861,4.574491,-0.228307,-0.316752,-0.423153,-0.529433,-0.632894,-0.742773,-0.854908,-0.960408,-1.072914,-1.163820,-1.281970,-1.381168,-1.510464,-1.669741,-1.860516,-2.068182,-2.307706,-2.569210,-2.854943,-3.177062,-3.524868,-3.895928,-4.302175,-4.721622
5,0.291113,0.332131,0.407621,0.480787,0.555253,0.602887,0.676202,0.736465,0.818772,0.863531,0.939152,1.004127,1.077461,1.139900,1.198038,1.271149,1.336004,1.410511,1.487952,1.528410,1.608265,1.681595,1.748376,1.821711,1.937032,2.028083,2.225117,2.403053,2.647264,2.910042,3.216935,3.535035,3.913057,4.299845,4.747989,5.208370,5.712684,-0.281869,-0.386887,-0.510310,-0.651340,-0.768064,-0.923200,-1.030292,-1.176944,-1.288758,-1.433796,-1.578909,-1.702769,-1.875389,-2.087574,-2.314059,-2.577976,-2.879624,-3.216627,-3.581928,-3.971779,-4.404632,-4.876891,-5.377384,-5.924451
6,0.344299,0.412491,0.494426,0.570163,0.648230,0.728770,0.804137,0.884822,0.965529,1.043147,1.121559,1.198587,1.278826,1.358791,1.434176,1.515962,1.595050,1.671928,1.755962,1.832621,1.909732,1.987739,2.068050,2.149306,2.269922,2.419456,2.622705,2.864711,3.137270,3.452521,3.813636,4.219863,4.649784,5.117162,5.650126,6.206006,6.807962,-0.346136,-0.453872,-0.608630,-0.770920,-0.926036,-1.084116,-1.243489,-1.397618,-1.552372,-1.709209,-1.868748,-2.026302,-2.224456,-2.466339,-2.737729,-3.059654,-3.409649,-3.813613,-4.249910,-4.720129,-5.239446,-5.804719,-6.404642,-7.058265
7,0.406375,0.486115,0.558731,0.646481,0.751963,0.851991,0.932511,1.029295,1.131244,1.224369,1.327476,1.407820,1.506089,1.579032,1.698227,1.781512,1.875383,1.966233,2.063791,2.146885,2.245644,2.330863,2.429854,2.519529,2.659472,2.840171,3.065516,3.336608,3.663817,4.013090,4.427486,4.888255,5.376881,5.943268,6.532918,7.205986,7.914603,-0.400118,-0.522579,-0.699026,-0.891431,-1.069933,-1.270575,-1.464694,-1.641508,-1.826773,-2.002214,-2.195378,-2.388836,-2.604654,-2.883574,-3.205432,-3.563192,-3.982917,-4.421357,-4.918787,-5.487673,-6.080294,-6.733109,-7.438226,-8.203914
8,0.458334,0.552759,0.649280,0.735619,0.833670,0.940285,1.051350,1.153201,1.255102,1.360787,1.470098,1.572889,1.674309,1.783452,1.890027,1.992972,2.097806,2.196418,2.301835,2.413645,2.520752,2.623526,2.727538,2.825603,2.980851,3.202749,3.462655,3.782757,4.145868,4.573188,5.054977,5.567338,6.163540,6.807729,7.490308,8.248586,9.048485,-0.458486,-0.595663,-0.783673,-0.992485,-1.204497,-1.409127,-1.627147,-1.834080,-2.047482,-2.254652,-2.458398,-2.678314,-2.931360,-3.259772,-3.620959,-4.049905,-4.512905,-5.046103,-5.630544,-6.256685,-6.967636,-7.691203,-8.517161,-9.367720
9,0.518958,0.621016,0.721800,0.826531,0.941574,1.058847,1.179721,1.291362,1.411625,1.525868,1.648160,1.767269,1.880258,2.006034,2.123834,2.240443,2.357181,2.473640,2.586128,2.715797,2.831465,2.946072,3.060191,3.178241,3.366842,3.593343,3.890545,4.249136,4.657330,5.133028,5.672994,6.271192,6.915551,7.637552,8.432156,9.246865,10.175145,-0.515903,-0.669417,-0.881716,-1.114228,-1.356575,-1.585739,-1.827748,-2.062463,-2.299180,-2.535412,-2.768167,-3.008067,-3.300759,-3.661124,-4.066069,-4.542875,-5.084906,-5.668043,-6.319818,-7.046131,-7.815658,-8.652641,-9.542871,-10.528894
10,0.537995,0.635580,0.732692,0.836838,0.950313,1.039030,1.130960,1.265686,1.413977,1.499880,1.645347,1.804351,1.929184,2.049145,2.182193,2.329720,2.469945,2.656970,2.739441,2.893951,3.037010,3.224559,3.363043,3.440607,3.660752,3.988201,4.308687,4.773096,5.262949,5.804025,6.421698,7.079554,7.809295,8.593126,9.419756,10.336038,11.329422,-0.510575,-0.674237,-0.883773,-1.102481,-1.330350,-1.560274,-1.856483,-2.151006,-2.392959,-2.695200,-2.938550,-3.267642,-3.576205,-4.044861,-4.509239,-5.114912,-5.749145,-6.429780,-7.159584,-7.948818,-8.784888,-9.691710,-10.654425,-11.710249
11,0.632017,0.757475,0.881877,1.006505,1.135324,1.262456,1.383420,1.514673,1.649783,1.788216,1.931062,2.075993,2.218889,2.363558,2.505944,2.652747,2.799250,2.939058,3.083453,3.224448,3.376507,3.522293,3.666409,3.803644,4.016835,4.314756,4.671842,5.112780,5.630425,6.196803,6.849284,7.575821,8.383090,9.253168,10.209419,11.238801,12.319766,-0.631032,-0.820126,-1.063726,-1.321056,-1.575533,-1.860069,-2.145397,-2.435148,-2.721351,-3.012124,-3.299960,-3.594163,-3.950230,-4.391434,-4.889935,-5.471619,-6.131730,-6.860402,-7.655024,-8.536554,-9.468842,-10.478012,-11.591513,-12.743273
12,0.693278,0.829774,0.968481,1.108204,1.243121,1.385273,1.522330,1.657860,1.811533,1.966564,2.121326,2.272882,2.437768,2.584547,2.746734,2.899136,3.054015,3.219500,3.374240,3.524837,3.682320,3.849622,4.003004,4.155449,4.392016,4.710287,5.098316,5.579221,6.116665,6.752614,7.464794,8.256943,9.137213,10.088355,11.097619,12.250980,13.425774,-0.696154,-0.903391,-1.178333,-1.454149,-1.735845,-2.045814,-2.353752,-2.672825,-2.984954,-3.289318,-3.609627,-3.918823,-4.318129,-4.779819,-5.333879,-5.968904,-6.664548,-7.453001,-8.342511,-9.273171,-10.323322,-11.428376,-12.638132,-13.929676
13,0.751411,0.901338,1.053091,1.205999,1.356844,1.502923,1.658245,1.808246,1.966027,2.139510,2.308651,2.479508,2.645788,2.815671,2.988046,3.156318,3.327141,3.492353,3.669392,3.840255,4.007720,4.176897,4.344010,4.522458,4.775369,5.109111,5.544167,6.046197,6.650070,7.334534,8.107267,8.962485,9.887957,10.915845,12.038266,13.240986,14.548384,-0.757900,-0.982421,-1.284769,-1.583661,-1.892891,-2.225605,-2.570509,-2.907498,-3.252084,-3.587707,-3.930639,-4.266118,-4.700466,-5.205267,-5.803812,-6.475489,-7.244078,-8.098573,-9.035203,-10.068542,-11.199344,-12.391207,-13.696845,-15.046734
14,0.810545,0.971577,1.133478,1.296733,1.458090,1.620696,1.782813,1.953217,2.136287,2.315657,2.505203,2.688134,2.866347,3.051220,3.235536,3.416270,3.599170,3.776886,3.961613,4.150738,4.334730,4.512808,4.694463,4.874292,5.159483,5.519709,5.983614,6.528179,7.177264,7.916390,8.719191,9.665673,10.661749,11.768786,12.974215,14.272120,15.678374,-0.815688,-1.058356,-1.380603,-1.706569,-2.054666,-2.416493,-2.788145,-3.152012,-3.516917,-3.880855,-4.239211,-4.611238,-5.061683,-5.622781,-6.267532,-6.989534,-7.817056,-8.737326,-9.744892,-10.857837,-12.040178,-13.359617,-14.722139,-16.219477
15,0.865638,1.039630,1.213678,1.385783,1.562361,1.733869,1.905469,2.104985,2.303367,2.497504,2.691007,2.891884,3.086280,3.284149,3.473090,3.676812,3.870049,4.063682,4.257985,4.452057,4.656777,4.852684,5.045480,5.236993,5.542322,5.929711,6.410031,7.006985,7.702937,8.472011,9.357608,10.342600,11.435893,12.624484,13.916799,15.305572,16.809404,-0.869964,-1.131750,-1.472873,-1.826701,-2.211890,-2.603445,-2.996182,-3.390529,-3.775741,-4.172868,-4.556191,-4.959263,-5.440307,-6.041388,-6.710871,-7.501019,-8.388716,-9.374250,-10.455080,-11.646465,-12.915610,-14.291802,-15.788523,-17.391151
16,0.926185,1.110125,1.294191,1.476315,1.664880,1.849371,2.050235,2.255676,2.470582,2.678155,2.884612,3.091475,3.306239,3.514266,3.720812,3.928979,4.145057,4.346404,4.555272,4.762674,4.970327,5.190564,5.394138,5.596690,5.908369,6.335994,6.849994,7.486340,8.208599,9.049931,9.993601,11.044497,12.211387,13.477804,14.854917,16.334764,17.899961,-0.933387,-1.206699,-1.571770,-1.957917,-2.372420,-2.790242,-3.207495,-3.629388,-4.040890,-4.465297,-4.876013,-5.292437,-5.818966,-6.453330,-7.170868,-8.016137,-8.960387,-10.012569,-11.162327,-12.434260,-13.787054,-15.256910,-16.851898,-18.563400
17,0.978545,1.171775,1.371452,1.568480,1.763969,1.972197,2.189397,2.412158,2.631482,2.858775,3.077492,3.295851,3.515133,3.736744,3.965343,4.182188,4.404372,4.633288,4.849141,5.072643,5.294372,5.509526,5.743812,5.958824,6.289212,6.743329,7.292534,7.966080,8.732805,9.626169,10.627612,11.745564,12.982800,14.328595,15.790792,17.365717,19.028755,-0.986700,-1.279928,-1.671212,-2.087964,-2.534454,-2.978766,-3.416831,-3.868376,-4.306877,-4.747840,-5.193408,-5.634153,-6.193473,-6.853411,-7.632307,-8.530212,-9.531220,-10.624965,-11.870710,-13.190806,-14.658466,-16.220837,-17.914654,-19.727570
18,1.040146,1.242465,1.452694,1.660257,1.866448,2.098654,2.331010,2.565017,2.795526,3.037444,3.268893,3.504309,3.735734,3.969405,4.209891,4.442690,4.676353,4.914361,5.148300,5.381554,5.614999,5.848782,6.091877,6.322845,6.673450,7.134875,7.730257,8.446977,9.256084,10.204071,11.263923,12.448075,13.754241,15.178213,16.694336,18.393431,20.154022,-1.042731,-1.351372,-1.765985,-2.224209,-2.695616,-3.158018,-3.631639,-4.098518,-4.570831,-5.038330,-5.509897,-5.976573,-6.573565,-7.269714,-8.092443,-9.038941,-10.079120,-11.259017,-12.576796,-13.978163,-15.530273,-17.183229,-18.972319,-20.893320
19,1.091569,1.308794,1.526275,1.752897,1.976104,2.222485,2.470313,2.720240,2.963463,3.212639,3.463072,3.710024,3.955215,4.203164,4.454257,4.700259,4.944880,5.185671,5.446383,5.689360,5.937730,6.185276,6.429995,6.683904,7.055319,7.540913,8.196979,9.017096,10.086040,11.237948,12.496746,13.679417,14.981908,16.371164,17.857315,19.536451,21.364702,-1.099478,-1.428378,-1.862665,-2.359647,-2.857120,-3.347725,-3.844140,-4.335235,-4.836283,-5.327568,-5.827963,-6.319285,-6.945614,-7.685174,-8.642309,-9.880707,-11.077976,-12.445691,-13.806870,-15.218798,-16.686926,-18.328642,-20.129566,-22.140530
20,1.204594,1.440625,1.667614,1.913631,2.135482,2.333539,2.536972,2.813149,2.992474,3.202806,3.450210,3.645826,3.855506,4.124485,4.342656,4.598855,4.828061,5.069394,5.313110,5.600132,5.845620,6.105943,6.401607,6.716314,7.048252,7.716297,8.404409,9.398569,10.492664,11.607472,12.906714,14.217422,15.612072,17.176962,18.840508,20.629599,22.548738,-1.205636,-1.566619,-1.992809,-2.474511,-2.928218,-3.315187,-3.772558,-4.216536,-4.727752,-5.218129,-5.729783,-6.277704,-6.994228,-7.888242,-8.955229,-10.288874,-11.534380,-12.886394,-14.334632,-15.879752,-17.558599,-19.333200,-21.248375,-23.292633
21,1.209380,1.450601,1.692599,1.935160,2.179279,2.419606,2.658565,2.902894,3.142895,3.383638,3.622840,3.898480,4.168639,4.441683,4.708422,4.988975,5.259609,5.528346,5.799054,6.069863,6.352065,6.622555,6.895531,7.162622,7.583092,8.119358,8.810908,9.623150,10.588739,11.687550,12.921805,14.297275,15.812804,17.462301,19.242380,21.155527,23.223700,-1.214704,-1.577596,-2.058102,-2.545574,-3.026314,-3.508426,-4.039337,-4.589286,-5.127471,-5.677927,-6.216263,-6.771215,-7.445124,-8.273299,-9.229152,-10.315885,-11.547781,-12.916243,-14.441555,-16.069300,-17.868931,-19.805695,-21.853579,-24.070292
22,1.265841,1.515184,1.770392,2.024418,2.278031,2.530255,2.778414,3.036421,3.288244,3.538969,3.811684,4.102387,4.382692,4.670528,4.947490,5.241915,5.526155,5.806235,6.090091,6.385624,6.668645,6.953367,7.235539,7.515137,7.956486,8.517200,9.241714,10.103983,11.098190,12.246100,13.536202,14.973639,16.561325,18.309788,20.177258,22.177074,24.362646,-1.271040,-1.649736,-2.154665,-2.663396,-3.165405,-3.679899,-4.246856,-4.824397,-5.388715,-5.966376,-6.528243,-7.108667,-7.812451,-8.677623,-9.676773,-10.829220,-12.100235,-13.553818,-15.124041,-16.857143,-18.739756,-20.761988,-22.907230,-25.240646
23,1.320620,1.581893,1.849339,2.111238,2.376970,2.642725,2.902124,3.165714,3.435319,3.704168,4.000904,4.305513,4.598477,4.895599,5.190211,5.495252,5.794570,6.083758,6.380647,6.676886,6.986270,7.281693,7.577922,7.870773,8.331774,8.916417,9.671290,10.557981,11.612951,12.809597,14.156022,15.655329,17.311502,19.131565,21.073610,23.191435,25.459703,-1.327028,-1.720818,-2.249139,-2.781185,-3.307145,-3.862839,-4.457880,-5.057378,-5.647646,-6.249628,-6.839182,-7.445169,-8.180265,-9.085274,-10.128492,-11.331567,-12.661707,-14.174365,-15.812096,-17.621122,-19.580435,-21.683643,-23.947807,-26.371523
24,1.379783,1.648370,1.927991,2.202771,2.478176,2.755422,3.028033,3.300864,3.574126,3.882265,4.189228,4.499802,4.808319,5.116656,5.432333,5.741326,6.061460,6.365639,6.673686,6.987252,7.294353,7.613689,7.923924,8.227923,8.693336,9.318254,10.089810,11.030482,12.131592,13.380970,14.784621,16.348063,18.076090,19.966970,21.990118,24.186646,26.577579,-1.383743,-1.797251,-2.345382,-2.895865,-3.448254,-4.049592,-4.668128,-5.296019,-5.909620,-6.527650,-7.151939,-7.771537,-8.551099,-9.479995,-10.565937,-11.820041,-13.225788,-14.782084,-16.510496,-18.398121,-20.438854,-22.620337,-24.970306,-27.485224
25,1.432567,1.715293,2.003608,2.293484,2.579444,2.865430,3.150820,3.436828,3.731181,4.051216,4.382009,4.703401,5.023436,5.344722,5.672004,5.995631,6.318072,6.645459,6.968547,7.291270,7.611088,7.933124,8.268455,8.585240,9.072230,9.721652,10.524983,11.503145,12.650772,13.950384,15.413254,17.040613,18.838842,20.806652,22.913446,25.195179,27.673418,-1.440955,-1.868630,-2.440534,-3.015137,-3.588252,-4.226655,-4.877584,-5.522987,-6.170928,-6.814154,-7.463951,-8.110475,-8.922957,-9.889950,-11.019859,-12.325330,-13.790046,-15.410548,-17.211403,-19.173409,-21.295679,-23.571327,-26.011520,-28.656830
26,1.489931,1.781217,2.083210,2.377418,2.678295,2.974319,3.271024,3.570116,3.895260,4.228996,4.565781,4.906086,5.238061,5.574513,5.914014,6.251397,6.583743,6.914476,7.249163,7.595074,7.930154,8.264568,8.599195,8.927895,9.448736,10.108790,10.958841,11.977341,13.149327,14.498923,16.017879,17.731436,19.603447,21.613159,23.836964,26.209452,28.744396,-1.495162,-1.943385,-2.533047,-3.132369,-3.738991,-4.411679,-5.089543,-5.758818,-6.422911,-7.101199,-7.766650,-8.446604,-9.280771,-10.298021,-11.473646,-12.831431,-14.353598,-16.038139,-17.908867,-19.950766,-22.124388,-24.519299,-27.058117,-29.762289
27,1.542687,1.846370,2.161245,2.469115,2.778359,3.090628,3.392295,3.705968,4.059138,4.405845,4.754098,5.107398,5.452641,5.800900,6.145871,6.502281,6.852024,7.194424,7.542410,7.889035,8.248583,8.594318,8.944141,9.284602,9.821823,10.509568,11.390094,12.430715,13.666961,15.067484,16.643711,18.396793,20.336893,22.452269,24.755310,27.221518,29.854307,-1.550353,-2.013383,-2.628415,-3.249524,-3.898366,-4.595928,-5.289855,-5.993190,-6.684566,-7.387856,-8.076965,-8.783848,-9.648706,-10.705858,-11.926684,-13.317096,-14.895393,-16.665222,-18.581707,-20.697060,-22.981001,-25.468021,-28.104017,-30.911180
28,1.601027,1.914620,2.233982,2.556865,2.878042,3.196747,3.516571,3.856914,4.216673,4.583464,4.945612,5.303491,5.660454,6.022336,6.388113,6.745754,7.108682,7.471773,7.831143,8.194324,8.555264,8.924343,9.284545,9.639854,10.182792,10.909392,11.807850,12.901896,14.182660,15.634143,17.266552,19.086090,21.096088,23.288254,25.641062,28.194216,30.958336,-1.607616,-2.086664,-2.724334,-3.363821,-4.059149,-4.778896,-5.500521,-6.229060,-6.944279,-7.663870,-8.389632,-9.110339,-10.017348,-11.098852,-12.362081,-13.821008,-15.456010,-17.266817,-19.277878,-21.468544,-23.836344,-26.377985,-29.147568,-32.056591
29,1.654208,1.982467,2.313605,2.648053,2.975532,3.307043,3.633718,4.008516,4.381483,4.753549,5.131750,5.506423,5.876273,6.249776,6.627206,6.999860,7.373403,7.741566,8.122460,8.499507,8.870688,9.243370,9.614805,9.993069,10.558610,11.309393,12.239576,13.371333,14.678404,16.200426,17.891800,19.776911,21.851774,24.121912,26.557892,29.203234,32.062771,-1.664093,-2.158015,-2.821771,-3.480091,-4.214690,-4.956508,-5.708782,-6.454026,-7.203156,-7.949979,-8.701092,-9.446232,-10.385423,-11.505212,-12.812897,-14.322668,-16.015587,-17.893684,-19.974604,-22.237432,-24.689056,-27.323681,-30.149853,-33.199833
30,1.707210,2.050266,2.392229,2.732890,3.078157,3.419078,3.766654,4.159639,4.543260,4.931821,5.316760,5.708519,6.088226,6.478883,6.859043,7.252090,7.638706,8.020116,8.404284,8.801384,9.186193,9.572676,9.957158,10.337225,10.931611,11.693027,12.670001,13.841181,15.193729,16.745699,18.492340,20.460842,22.604996,24.926294,27.475235,30.208317,33.124336,-1.718315,-2.231170,-2.912408,-3.597585,-4.368043,-5.140922,-5.910628,-6.688646,-7.454489,-8.234304,-9.000838,-9.781772,-10.740130,-11.910959,-13.262795,-14.824356,-16.557034,-18.517824,-20.665724,-23.009689,-25.511114,-28.266298,-31.186802,-34.342072
31,1.765055,2.112860,2.471305,2.822091,3.173810,3.531336,3.904709,4.302754,4.706267,5.105355,5.504787,5.901209,6.301499,6.697149,7.098495,7.495405,7.904797,8.296551,8.694035,9.092903,9.491078,9.900086,10.296227,10.689168,11.289762,12.090152,13.084042,14.293702,15.705316,17.309381,19.114529,21.124077,23.334061,25.757536,28.389578,31.212276,34.222931,-1.774861,-2.301217,-3.005898,-3.728575,-4.524448,-5.321357,-6.117891,-6.923198,-7.714866,-8.508147,-9.309600,-10.105582,-11.106058,-12.314932,-13.712179,-15.307561,-17.116646,-19.137930,-21.334320,-23.748793,-26.365353,-29.205900,-32.221878,-35.438354
32,1.819033,2.179276,2.544786,2.908273,3.273863,3.637349,4.044683,4.453162,4.864045,5.282172,5.692382,6.103620,6.507837,6.922016,7.336442,7.747922,8.160492,8.573620,8.982119,9.394573,9.805947,10.215134,10.636911,11.040725,11.663099,12.487299,13.513523,14.761028,16.217119,17.873693,19.733656,21.806471,24.087633,26.586689,29.270361,32.213810,35.323238,-1.829165,-2.374500,-3.097540,-3.855616,-4.679832,-5.494928,-6.325017,-7.145827,-7.972724,-8.792481,-9.618452,-10.438394,-11.471391,-12.705256,-14.145914,-15.808195,-17.673464,-19.735872,-22.026495,-24.516714,-27.212164,-30.111725,-33.256752,-36.574478
33,1.873269,2.246615,2.620021,2.996753,3.373034,3.758487,4.176034,4.603803,5.027635,5.450879,5.881632,6.304875,6.722320,7.148656,7.575276,7.998085,8.423379,8.838889,9.272099,9.695395,10.120483,10.542453,10.963192,11.392593,12.032929,12.869282,13.941178,15.226695,16.710274,18.435003,20.352346,22.488655,24.839399,27.414076,30.181515,33.177197,36.415100,-1.885609,-2.445354,-3.193262,-3.986992,-4.837314,-5.680061,-6.533433,-7.378446,-8.220058,-9.076154,-9.915614,-10.771837,-11.836809,-13.107632,-14.595536,-16.307020,-18.228775,-20.355898,-22.715584,-25.281454,-28.062481,-31.050049,-34.288982,-37.706615
34,1.930280,2.312130,2.698055,3.082742,3.474714,3.883171,4.312855,4.753871,5.190174,5.625290,6.062459,6.504580,6.934356,7.372963,7.805880,8.248446,8.685915,9.113682,9.550117,9.986356,10.433547,10.868173,11.302632,11.731999,12.389242,13.265472,14.369597,15.692679,17.220755,18.974237,20.946302,23.170418,25.589848,28.212015,31.089752,34.174183,37.505966,-1.939395,-2.518647,-3.284269,-4.117604,-4.990315,-5.860543,-6.732193,-7.612007,-8.478908,-9.360089,-10.223138,-11.104436,-12.188130,-13.510021,-15.041647,-16.805265,-18.761395,-20.974762,-23.402117,-26.047997,-28.909714,-31.985754,-35.282703,-38.836494
35,1.983461,2.374012,2.775658,3.169627,3.567695,4.007787,4.448198,4.898289,5.345752,5.799982,6.248666,6.695247,7.139348,7.589920,8.041750,8.489241,8.939808,9.389914,9.837575,10.287624,10.732666,11.182163,11.641469,12.081798,12.758154,13.658216,14.780087,16.138712,17.727781,19.533154,21.562765,23.848738,26.313702,29.036423,31.997454,35.170372,38.557243,-1.993250,-2.587160,-3.376389,-4.242092,-5.146939,-6.042661,-6.939862,-7.843009,-8.735869,-9.631597,-10.530138,-11.425594,-12.551940,-13.898776,-15.471231,-17.281372,-19.316650,-21.591290,-24.067039,-26.783100,-29.724350,-32.918983,-36.308941,-39.965412
36,2.036674,2.439678,2.849319,3.259642,3.666142,4.125326,4.586637,5.045797,5.505964,5.968643,6.435356,6.896593,7.351228,7.813323,8.278921,8.739577,9.203119,9.664643,10.126226,10.585679,11.045934,11.506720,11.978723,12.431104,13.126872,14.051905,15.206990,16.601768,18.236574,20.090580,22.180923,24.504606,27.062271,29.860588,32.870308,36.162266,39.763412,-2.047542,-2.656975,-3.470577,-4.374731,-5.302496,-6.215790,-7.147178,-8.066603,-8.992339,-9.912790,-10.835966,-11.758636,-12.913356,-14.300048,-15.915786,-17.779312,-19.867123,-22.188192,-24.752850,-27.545296,-30.568363,-33.849346,-37.334789,-42.501324
37,2.091710,2.507295,2.924626,3.345155,3.775131,4.248352,4.715388,5.194502,5.668442,6.141974,6.614295,7.094674,7.562943,8.038119,8.509414,8.989140,9.464081,9.928512,10.401888,10.883574,11.359065,11.830083,12.302691,12.780532,13.495274,14.431407,15.632900,17.065681,18.722731,20.650743,22.796429,25.181158,28.005255,31.430326,33.805820,36.852146,40.824501,-2.104137,-2.730637,-3.561518,-4.505761,-5.458307,-6.399030,-7.350858,-8.297877,-9.240325,-10.194114,-11.131382,-12.087871,-13.277460,-14.700680,-16.359894,-18.271261,-20.420607,-22.805403,-25.435728,-28.667669,-32.068542,-34.557079,-38.007683,-42.246014
38,2.148367,2.570858,3.000962,3.429719,3.887540,4.372395,4.854959,5.337088,5.828316,6.316286,6.800914,7.285706,7.772320,8.260680,8.743661,9.237560,9.722509,10.201317,10.689356,11.173938,11.658737,12.153070,12.618278,13.068059,13.758720,14.498278,15.482358,17.919415,18.279152,20.387123,22.705021,25.234074,28.003794,31.101404,34.439503,38.041275,41.913082,-2.157417,-2.799499,-3.659219,-4.635962,-5.607717,-6.577036,-7.548324,-8.528067,-9.493700,-10.473576,-11.435415,-12.396996,-13.531084,-14.561497,-15.933630,-17.360458,-19.943987,-22.599646,-25.339901,-28.391569,-31.749716,-35.366344,-39.233929,-43.309593
39,2.127087,2.493962,2.878036,3.294911,3.675049,4.112685,4.564415,5.016833,5.495140,5.930975,6.393731,6.854545,7.315170,7.799720,8.280628,8.725035,9.188382,9.697267,10.144343,10.604388,11.068746,11.559428,12.070493,12.563492,13.323932,14.332965,15.578107,17.333263,18.945448,20.974989,23.296345,25.902136,28.786469,31.933950,35.387814,39.083393,43.010235,-1.817824,-2.414205,-3.298552,-4.160820,-5.034031,-5.999257,-6.938334,-7.875725,-8.846193,-9.752148,-10.711004,-11.655250,-12.915230,-14.428649,-17.677446,-17.702791,-20.558231,-23.144365,-26.029585,-29.168114,-32.602459,-36.310425,-40.283680,-44.493660
40,2.054689,2.514343,2.979784,3.449453,3.919944,4.390461,4.855464,5.327207,5.800626,6.272469,6.753509,7.229130,7.698502,8.180122,8.664201,9.145164,9.625616,10.105680,10.599082,11.088419,11.577558,12.067034,12.556237,13.048606,13.793193,14.830184,16.137577,17.576128,19.259329,21.197079,23.629162,26.638006,29.544107,32.784023,36.292820,40.109009,44.130692,-1.797783,-2.493556,-3.425227,-4.369411,-5.317010,-6.261312,-7.224098,-8.187028,-9.148116,-10.127811,-11.099010,-12.091016,-13.336600,-14.708760,-16.663443,-18.620127,-20.823219,-23.668001,-26.714909,-29.937267,-33.474789,-37.278404,-41.350983,-45.652828
41,2.094993,2.562315,3.036320,3.515044,3.993284,4.471987,4.945652,5.429969,5.912817,6.397180,6.882934,7.374582,7.856793,8.348829,8.837188,9.335171,9.829928,10.317121,10.813710,11.312041,11.819924,12.320846,12.821370,13.316514,14.067652,15.507177,17.184874,17.915384,19.716429,21.796061,24.129782,26.752928,29.658014,32.835709,36.171486,39.839710,43.640011,,,-3.491656,-4.453106,-5.422317,-6.387671,-7.371456,-8.356812,-9.341347,-10.344457,-11.339034,-12.356009,-13.611982,-15.894113,-16.965086,-19.043261,-21.384048,-24.041695,-26.939907,-30.145336,-33.599598,-37.219582,-41.186172,-45.134357
42,2.133701,2.610140,3.092885,3.578640,4.068118,4.556503,5.039498,5.533548,6.026528,6.520345,7.016242,7.513071,8.010417,8.506997,9.011866,9.513614,10.018573,10.523241,11.030823,11.539912,12.050273,12.561864,13.082716,13.569873,14.407406,15.731678,16.736933,18.286652,20.130917,22.243658,24.640715,27.316908,30.264347,33.463390,36.925709,40.593727,44.470428,,,-3.555093,-4.537853,-5.522856,-6.512402,-7.511756,-8.523556,-9.529246,-10.547005,-11.571505,-12.602439,-13.896890,-16.027514,-17.314455,-19.448198,-21.847536,-24.532932,-27.523052,-30.755493,-34.255859,-38.005646,-41.938690,-46.014874
43,2.171844,2.656728,3.148467,3.642996,4.139358,4.639561,5.131828,5.631487,6.134152,6.642118,7.147781,7.654497,8.156602,8.668809,9.183913,9.696280,10.211876,10.726986,11.245334,11.765116,12.286593,12.809387,13.323096,13.854824,15.047676,15.888853,17.035055,18.643097,20.546057,22.697819,25.143398,27.869083,30.870649,34.122856,37.632870,41.347809,45.229790,,,-3.619778,-4.621546,-5.625880,-6.635460,-7.655470,-8.682420,-9.715486,-10.755338,-11.801876,-12.855888,-14.277905,-15.988087,-17.672197,-19.841864,-22.312496,-25.050146,-28.094400,-31.386408,-34.941429,-38.728458,-42.675274,-46.793770
44,2.209264,2.701091,3.203116,3.706512,4.211706,4.718291,5.222505,5.732096,6.244328,6.761838,7.277259,7.794239,8.306269,8.828597,9.354085,9.876730,10.402965,10.921252,11.457506,11.988157,12.520468,13.051474,13.581049,14.223732,15.650425,16.011137,17.365866,19.009857,20.921932,23.131361,25.636482,28.414221,31.445366,34.767254,38.291801,42.052757,45.969303,,,-3.683292,-4.700704,-5.727385,-6.752935,-7.797567,-8.845540,-9.900020,-10.961632,-12.022423,-13.093176,-14.953457,-16.109701,-18.014685,-20.245041,-22.763277,-25.559711,-28.638327,-32.004528,-35.608356,-39.407349,-43.410267,-47.511646
45,2.244244,2.746103,3.254794,3.768668,4.282876,4.798454,5.308768,5.831145,6.352990,6.875689,7.400564,7.931936,8.453939,8.986386,9.516129,10.055127,10.591626,11.120464,11.659888,12.201031,12.749466,13.286799,13.922015,14.883516,15.974422,16.310598,17.694771,19.374098,21.324448,23.577257,26.107672,28.950842,32.029884,35.395157,38.952988,42.725899,46.628250,,,-3.745888,-4.781754,-5.827598,-6.872949,-7.937945,-9.006859,-10.076055,-11.166216,-12.249232,-13.357558,-15.580784,-16.417801,-18.367466,-20.644676,-23.190245,-26.062782,-29.193186,-32.610035,-36.256271,-40.085773,-44.103336,-48.158695
46,2.280139,2.790359,3.307458,3.827743,4.352923,4.877302,5.396552,5.928427,6.459746,6.992208,7.526744,8.063236,8.599776,9.136788,9.682146,10.225146,10.778325,11.317595,11.867679,12.419697,12.960538,13.581146,14.268161,15.018361,15.496353,16.607069,18.021259,19.740128,21.721752,24.016335,26.589762,29.460127,32.602169,35.983971,39.589588,43.363945,47.264389,,,-3.805057,-4.861385,-5.923082,-6.991351,-8.071841,-9.166496,-10.257008,-11.368963,-12.471092,-13.701093,-15.130733,-16.714874,-18.717554,-21.042053,-23.634733,-26.538046,-29.738909,-33.202049,-36.861073,-40.735516,-44.748310,-48.736328
47,2.315506,2.833595,3.359104,3.887702,4.419033,4.955012,5.483405,6.021104,6.561269,7.106821,7.651202,8.197332,8.738485,9.290762,9.846191,10.399440,10.956362,11.512475,12.073223,12.620159,13.213157,13.951313,14.906630,14.933677,15.756730,16.902456,18.333660,20.069906,22.116119,24.446005,27.064610,29.978863,33.160854,36.573235,40.199760,43.979633,47.801899,,,-3.865458,-4.939785,-6.020726,-7.108329,-8.209065,-9.318911,-10.436028,-11.562654,-12.685279,-14.347486,-15.283036,-17.021936,-19.065111,-21.430580,-24.075953,-27.026209,-30.274857,-33.758938,-37.466743,-41.353088,-45.338249,-49.219833
48,,2.874570,3.409707,3.946539,4.486518,5.028459,5.568528,6.115413,6.665044,7.219882,7.773928,8.329659,8.880538,9.442559,10.008226,10.571707,11.138994,11.698545,12.258878,12.846253,13.565915,14.418124,14.987051,15.153822,16.026396,17.185415,18.655365,20.421900,22.505831,24.872192,27.532347,30.486858,33.704723,37.141251,40.780727,44.542526,48.268829,,,-3.924880,-5.014225,-6.117120,-7.219776,-8.344765,-9.475233,-10.613473,-11.762038,-12.938172,-14.404310,-15.549046,-17.327259,-19.410297,-21.802286,-24.511345,-27.507137,-30.799692,-34.320293,-38.048958,-41.933891,-45.865353,-49.584587
49,,2.916009,3.457509,4.004445,4.552744,5.103336,5.649642,6.208374,6.767112,7.327363,7.894859,8.460396,9.020809,9.592838,10.162652,10.741871,11.319588,11.889604,12.459182,13.145766,13.913881,14.397059,14.826661,15.402242,16.294950,17.476168,18.979538,20.770882,22.871876,25.277681,27.975365,30.983881,34.213947,37.687122,41.328060,45.045853,48.632240,,,-3.983294,-5.090242,-6.212023,-7.333876,-8.478859,-9.629991,-10.782915,-11.947907,-13.273533,-14.333440,-15.816829,-17.630157,-19.740503,-22.187384,-24.922915,-27.980192,-31.294706,-34.862339,-38.605297,-42.473392,-46.342651,-49.810818
50,,2.956643,3.506129,4.059032,4.617786,5.177118,5.732243,6.299762,6.867699,7.437226,8.009933,8.589139,9.159121,9.741010,10.320893,10.910277,11.498133,12.062094,12.687926,13.508389,14.320716,14.462720,15.061753,15.651380,16.561522,17.764393,19.280230,21.117071,23.250753,25.691544,28.426577,31.451052,34.722549,38.209480,41.836201,45.494751,48.859352,,,-4.040525,-5.165116,-6.302253,-7.446620,-8.606740,-9.783181,-10.957138,-12.143241,-13.709138,-14.561855,-16.083355,-17.920437,-20.081804,-22.568710,-25.345346,-28.428074,-31.795048,-35.384052,-39.133015,-42.965511,-46.721470,-49.876953
51,,,3.553789,4.114537,4.681746,5.249781,5.813422,6.386764,6.966705,7.545568,8.127452,8.711781,9.290969,9.882116,10.477197,11.070703,11.663907,12.259174,13.009904,13.827119,14.088844,14.684392,15.289405,15.899141,16.816488,18.050936,19.590908,21.446730,23.623175,26.099112,28.868258,31.922718,35.211479,38.687706,42.299824,45.864155,48.948895,,,-4.094800,-5.238685,-6.394596,-7.557929,-8.737941,-9.934795,-11.129891,-12.355690,-13.773110,-14.795607,-16.338743,-18.218840,-20.411274,-22.932352,-25.762077,-28.883369,-32.281193,-35.885120,-39.628754,-43.419094,-46.989475,-49.753654
52,,,3.600574,4.169197,4.742149,5.321023,5.893345,6.475273,7.060738,7.652418,8.243559,8.837235,9.425896,10.026948,10.631829,11.235464,11.829393,12.510370,13.332972,13.706349,14.292847,14.907224,15.524474,16.136158,17.078199,18.334557,19.888008,21.780495,23.990223,26.499634,29.299816,32.379894,35.681046,39.155441,42.727726,46.136692,48.875774,,,-4.150096,-5.309060,-6.485614,-7.663957,-8.867663,-10.079582,-11.300631,-12.662043,-13.780037,-15.029799,-16.601997,-18.515051,-20.744200,-23.302336,-26.171650,-29.328157,-32.751247,-36.347000,-40.073799,-43.801384,-47.152729,-49.411736
53,,,3.644723,4.222695,4.803668,5.388915,5.971912,6.562557,7.156765,7.753857,8.357881,8.960999,9.559163,10.169765,10.779078,11.378796,12.016969,12.885341,13.324560,13.881459,14.502706,15.129395,15.757582,16.379705,17.337862,18.596033,20.193069,22.111143,24.338902,26.878250,29.720190,32.820465,36.129356,39.589794,43.094234,46.302296,48.616177,,,-4.204345,-5.381014,-6.575309,-7.772577,-8.995902,-10.228358,-11.448337,-13.013871,-13.984271,-15.254759,-16.863062,-18.809265,-21.061911,-23.667152,-26.574015,-29.761814,-33.202667,-36.800804,-40.510368,-44.114784,-47.176365,-48.874924
54,,,,4.275039,4.864338,5.457842,6.046361,6.648364,7.251627,7.857436,8.466746,9.083310,9.690761,10.310932,10.930332,11.546418,12.272263,13.051079,13.446265,14.070533,14.704572,15.341912,15.988439,16.621004,17.596685,18.872400,20.494585,22.437492,24.694679,27.262842,30.114435,33.242680,36.539127,39.986439,43.394547,46.351109,48.167793,,,-4.257690,-5.451561,-6.663930,-7.880002,-9.118380,-10.375587,-11.625551,-13.319413,-14.191991,-15.486622,-17.122341,-19.092049,-21.388241,-24.027559,-26.954601,-30.183268,-33.620377,-37.228687,-40.886459,-44.337200,-47.047905,-48.145031
55,,,,4.324659,4.923775,5.525610,6.122216,6.729864,7.344851,7.959678,8.578056,9.199515,9.820608,10.445644,11.061066,11.715328,12.549045,13.006060,13.627084,14.267327,14.912661,15.560521,16.209351,16.860239,17.843271,19.146864,20.787951,22.759047,25.044035,27.638323,30.511047,33.632996,36.940681,40.353020,43.614738,46.264122,47.548653,,,-4.308282,-5.521158,-6.748093,-7.985862,-9.243933,-10.521449,-11.842773,-13.108355,-14.399708,-15.716886,-17.370131,-19.374735,-21.710449,-24.382736,-27.340506,-30.577017,-34.034927,-37.626534,-41.218880,-44.470501,-46.749908,-47.294384
56,,,,4.375195,4.980319,5.592125,6.197067,6.812952,7.433421,8.060513,8.687935,9.318582,9.944326,10.583562,11.213948,11.956062,12.813817,13.159661,13.810754,14.462750,15.118920,15.777076,16.435923,17.089581,18.085867,19.417631,21.068552,23.063906,25.386568,28.004234,30.893623,34.020199,37.314480,40.668934,43.747768,46.033062,46.806263,,,-4.359718,-5.587122,-6.834248,-8.090789,-9.368282,-10.661117,-12.148105,-13.284066,-14.598970,-15.945312,-17.625303,-19.660196,-22.024540,-24.719175,-27.716984,-30.971024,-34.428150,-37.992332,-41.484009,-44.494522,-46.284889,-46.337250
57,,,,4.424408,5.037785,5.655169,6.270314,6.894982,7.523932,8.156334,8.796255,9.436196,10.071174,10.698529,11.373247,12.219263,12.696173,13.328978,13.987379,14.657008,15.323318,15.991219,16.660828,17.318106,18.334675,19.675903,21.355675,23.375387,25.709774,28.359848,31.260805,34.386646,37.657127,40.920559,43.786499,45.652344,45.958317,,,-4.410254,-5.654521,-6.919389,-8.190537,-9.491188,-10.786917,-12.409876,-13.465717,-14.804151,-16.171904,-17.878279,-19.942713,-22.325104,-25.061462,-28.083452,-31.348143,-34.799526,-38.321938,-41.682606,-44.394245,-45.670776,-45.358826
58,,,,4.472806,5.094171,5.719387,6.340193,6.975453,7.613121,8.254305,8.899367,9.552208,10.196537,10.839628,11.582273,12.246042,12.847420,13.500072,14.169648,14.842319,15.518199,16.203503,16.886185,17.549416,18.581228,19.934946,21.638517,23.681080,26.037489,28.692024,31.599131,34.733597,37.965481,41.109219,43.719810,45.133366,45.054916,,,-4.459938,-5.720995,-7.003335,-8.293083,-9.612973,-10.935557,-12.304293,-13.647636,-15.008051,-16.388605,-18.130333,-20.222153,-22.632515,-25.396656,-28.426086,-31.708584,-35.146557,-38.611305,-41.807426,-44.174393,-44.954159,
59,,,,,5.149411,5.782427,6.411068,7.051981,7.701001,8.350842,9.004875,9.662878,10.319685,10.976069,11.824194,12.337414,12.999370,13.670054,14.350230,15.032627,15.718546,16.406837,17.098066,17.778408,18.824400,20.193502,21.916716,23.980751,26.356422,29.025499,31.934233,35.057766,38.236015,41.233688,43.541328,44.511257,44.139664,,,-4.506993,-5.786259,-7.083147,-8.394261,-9.729292,-11.099050,-12.449621,-13.821957,-15.210062,-16.611732,-18.364584,-20.487871,-22.935093,-25.723827,-28.769903,-32.051876,-35.456589,-38.855225,-41.853043,-43.826962,-44.164577,
60,,,,,5.201701,5.844582,6.480944,7.130085,7.784469,8.446082,9.108988,9.775994,10.420326,11.143998,11.877550,12.477215,13.157485,13.838978,14.528929,15.221288,15.916908,16.621441,17.307207,18.005575,19.055769,20.448124,22.180443,24.263733,26.666775,29.346203,32.253277,35.346237,38.466583,41.279972,43.247292,43.796185,,,,-4.554907,-5.850682,-7.164933,-8.494301,-9.848483,-11.323273,-12.604031,-14.001791,-15.410757,-16.832842,-18.610600,-20.755795,-23.231998,-26.031366,-29.100767,-32.365326,-35.750523,-39.039673,-41.809090,-43.358524,-43.333145,
61,,,,,5.255124,5.903354,6.549712,7.207078,7.869926,8.540046,9.211845,9.887626,10.546674,11.385332,11.947867,12.622325,13.314652,14.000265,14.699409,15.407830,16.113691,16.815817,17.522739,18.221678,19.287289,20.689722,22.449505,24.550056,26.967501,29.652994,32.554729,35.618687,38.643669,41.249290,42.841026,43.032013,,,,-4.601950,-5.911665,-7.245794,-8.589586,-9.966294,-11.572687,-12.754414,-14.180204,-15.602602,-17.051912,-18.853613,-21.022272,-23.523119,-26.341440,-29.417749,-32.672348,-36.013783,-39.179989,-41.668430,-42.801044,-42.480480,
62,,,,,5.307424,5.962942,6.614829,7.282703,7.953999,8.629402,9.313269,9.978644,10.679297,11.504920,12.069559,12.767724,13.470700,14.165827,14.874580,15.586035,16.297474,17.019066,17.735558,18.443211,19.518661,20.936083,22.712778,24.829016,27.247858,29.934338,32.838093,35.869427,38.766399,41.133099,42.346775,42.260902,,,,-4.648634,-5.974193,-7.325422,-8.687505,-10.065175,-11.523252,-12.910357,-14.357197,-15.799772,-17.262438,-19.093565,-21.284777,-23.797611,-26.642338,-29.719271,-32.958027,-36.241707,-39.250469,-41.425922,-42.155067,,
63,,,,,5.358278,6.021554,6.681352,7.357177,8.036669,8.720768,9.410077,10.090461,10.858734,11.520108,12.201944,12.907673,13.625258,14.330057,15.048738,15.770305,16.489485,17.214401,17.946167,18.656334,19.747200,21.178911,22.970850,25.100666,27.528580,30.212572,33.092945,36.077957,38.837749,40.923130,41.769657,,,,,-4.693205,-6.036239,-7.402106,-8.784882,-10.182985,-11.639070,-13.065899,-14.527117,-15.996077,-17.473942,-19.331264,-21.534615,-24.076084,-26.932682,-29.995638,-33.222282,-36.431583,-39.260517,-41.091671,-41.484047,,
64,,,,,5.403968,6.076514,6.743681,7.425034,8.112568,8.807906,9.505630,10.197025,11.074525,11.622298,12.331336,13.047548,13.769580,14.482932,15.216564,15.943489,16.675669,17.409555,18.138678,18.858337,19.959791,21.413076,23.210295,25.352503,27.796524,30.476244,33.330650,36.233898,38.832729,40.617550,41.152435,,,,,-4.735128,-6.091683,-7.476570,-8.874152,-10.306898,-11.758540,-13.216602,-14.697907,-16.179468,-17.683689,-19.548281,-21.784790,-24.344013,-27.209816,-30.267361,-33.457943,-36.564621,-39.187222,-40.667648,-40.761238,,
65,,,,,5.449700,6.129393,6.803957,7.493216,8.191581,8.892299,9.582889,10.313046,11.057056,11.735516,12.458177,13.183824,13.915050,14.642950,15.380138,16.115217,16.856833,17.598642,18.340252,19.067614,20.179752,21.637434,23.455294,25.606730,28.053297,30.725069,33.550480,36.337868,38.740620,40.207664,40.442871,,,,,-4.775744,-6.149666,-7.549129,-8.967532,-10.464734,-11.888202,-13.363224,-14.864014,-16.371384,-17.886415,-19.776688,-22.024075,-24.597479,-27.467602,-30.521883,-33.664818,-36.638077,-39.013180,-40.132469,,,
66,,,,,5.494810,6.181722,6.863657,7.560849,8.264465,8.976234,9.672960,10.475360,11.136789,11.851550,12.584965,13.319868,14.060210,14.796888,15.547637,16.286890,17.036947,17.781704,18.533344,19.267687,20.389502,21.858345,23.686567,25.844667,28.288563,30.949635,33.742378,36.417652,38.580429,39.733418,39.748341,,,,,-4.815852,-6.203075,-7.621352,-9.057341,-10.670424,-12.009839,-13.509869,-15.030018,-16.556862,-18.087912,-19.994930,-22.259661,-24.844439,-27.713951,-30.759766,-33.849205,-36.685814,-38.768158,-39.559208,,,
67,,,,,5.539504,6.231766,6.920883,7.628197,8.339908,9.056938,9.770736,10.659823,11.236178,11.968745,12.707359,13.456078,14.205505,14.945358,15.696383,16.458843,17.216892,17.967222,18.718599,19.459427,20.590254,22.076340,23.913338,26.075712,28.513885,31.167507,33.905960,36.451885,38.364559,39.226265,,,,,,-4.854145,-6.258354,-7.690834,-9.143993,-10.673109,-12.137125,-13.651611,-15.196537,-16.731245,-18.288689,-20.204231,-22.492096,-25.085403,-27.957884,-30.972919,-33.998070,-36.675266,-38.458576,-38.969189,,,
68,,,,,5.582299,6.281581,6.977926,7.692894,8.412470,9.137676,9.870332,10.640691,11.338078,12.082232,12.829998,13.587434,14.345608,15.094782,15.859381,16.624166,17.384678,18.145174,18.910038,19.657009,20.796473,22.283087,24.126789,26.298992,28.736490,31.366941,34.029999,36.436897,38.120663,38.686161,,,,,,-4.893731,-6.311466,-7.763019,-9.209435,-10.750164,-12.260388,-13.793857,-15.357351,-16.909719,-18.481569,-20.419853,-22.720690,-25.319342,-28.181658,-31.175211,-34.116802,-36.615253,-38.123230,-38.364479,,,
69,,,,,,6.331159,7.034793,7.757435,8.484898,9.197242,9.992489,10.715022,11.441978,12.196045,12.952838,13.718943,14.485859,15.240228,16.010628,16.789274,17.555115,18.322216,19.093040,19.845968,20.992498,22.486261,24.342957,26.513803,28.939661,31.540817,34.124294,36.370823,37.808788,38.168427,,,,,,-4.930202,-6.364500,-7.829885,-9.300310,-10.845795,-12.384224,-13.936547,-15.518575,-17.087654,-18.668917,-20.625341,-22.936705,-25.537264,-28.393692,-31.350853,-34.193108,-36.505234,-37.734283,-37.790123,,,
70,,,,,,6.378594,7.091427,7.819317,8.554429,9.282254,10.156909,10.800430,11.546658,12.305672,13.075736,13.845434,14.620913,15.388329,16.167784,16.942110,17.718193,18.497992,19.267385,20.032839,21.185566,22.685385,24.545156,26.711172,29.130390,31.700556,34.184917,36.255913,37.445892,37.604553,,,,,,-4.967907,-6.415379,-7.899407,-9.389681,-10.943728,-12.503686,-14.079597,-15.673992,-17.265402,-18.858767,-20.820450,-23.148045,-25.755136,-28.593037,-31.511841,-34.238976,-36.336411,-37.313477,,,,
71,,,,,,6.425787,7.145653,7.880997,8.623814,9.365148,10.177543,10.890578,11.647631,12.419724,13.193949,13.976957,14.757276,15.531593,16.318653,17.104784,17.886625,18.665607,19.447216,20.210144,21.368023,22.879864,24.740957,26.906017,29.308210,31.835684,34.210213,36.087116,37.042015,,,,,,,-5.003944,-6.466128,-7.966191,-9.489782,-11.043724,-12.628289,-14.217409,-15.836758,-17.435465,-19.040318,-21.020361,-23.354109,-25.955912,-28.778666,-31.645966,-34.244728,-36.115490,-36.843269,,,,
72,,,,,,6.472692,7.199627,7.942464,8.693069,9.454282,10.230672,10.982324,11.748741,12.529338,13.312051,14.103342,14.887917,15.674895,16.474104,17.259449,18.047201,18.831404,19.617970,20.384773,21.554064,23.069344,24.922688,27.084471,29.471691,31.940466,34.197643,35.875629,36.620308,,,,,,,-5.039745,-6.516739,-8.032928,-9.611434,-11.144635,-12.748314,-14.355352,-15.989134,-17.611397,-19.220049,-21.209251,-23.546753,-26.146738,-28.950012,-31.751703,-34.204121,-35.844658,-36.365601,,,,
73,,,,,,6.519292,7.251150,8.003673,8.740090,9.559171,10.304273,11.074662,11.849825,12.634473,13.430002,14.224604,15.022902,15.817451,16.611567,17.412870,18.206207,18.995621,19.786186,20.556355,21.729141,23.246338,25.104200,27.253593,29.619667,32.017834,34.149410,35.626488,36.158180,,,,,,,,-6.565178,-8.099533,-9.751201,-11.246013,-12.863701,-14.493336,-16.143612,-17.767630,-19.397602,-21.394346,-23.740532,-26.327547,-29.105930,-31.829195,-34.131271,-35.543098,-35.853531,,,,
74,,,,,,6.563501,7.304322,8.061901,8.809608,9.691171,10.381112,11.166828,11.946458,12.743544,13.542749,14.351451,15.157375,15.953047,16.757532,17.558455,18.362856,19.157103,19.951107,20.724091,21.899487,23.417360,25.276711,27.417402,29.754850,32.070492,34.055748,35.322655,35.689678,,,,,,,,-6.615196,-8.163110,-9.767358,-11.343306,-12.983629,-14.625553,-16.291212,-17.932840,-19.572155,-21.574898,-23.919542,-26.497360,-29.244699,-31.879347,-34.015148,-35.192833,-35.362022,,,,
75,,,,,,6.606880,7.354529,8.119360,8.882117,9.707555,10.462774,11.254818,12.042418,12.847454,13.659380,14.468565,15.285564,16.086832,16.895704,17.707863,18.511148,19.309105,20.105865,20.887466,22.058060,23.581707,25.432835,27.563335,29.867384,32.096176,33.927818,34.985783,35.209278,,,,,,,,-6.662589,-8.226129,-9.826821,-11.444247,-13.098281,-14.762908,-16.437569,-18.089417,-19.743244,-21.750334,-24.090666,-26.655754,-29.366243,-31.901407,-33.858147,-34.813114,,,,,
76,,,,,,6.650125,7.404625,8.176751,8.952278,9.759428,10.538796,11.342963,12.138474,12.951476,13.767038,14.588742,15.413263,16.219503,17.032917,17.849888,18.657667,19.465065,20.264147,21.040852,22.218870,23.740166,25.586874,27.698271,29.959053,32.091568,33.764069,34.634319,,,,,,,,,-6.707955,-8.287854,-9.895213,-11.541507,-13.213188,-14.895071,-16.583099,-18.251137,-19.904903,-21.921280,-24.254578,-26.803215,-29.467695,-31.895308,-33.662254,-34.420639,,,,,
77,,,,,,6.691383,7.452463,8.234041,9.032043,9.820008,10.618501,11.427454,12.234527,13.055573,13.879597,14.708965,15.539551,16.344889,17.168976,17.990604,18.802086,19.612190,20.412941,21.190590,22.368736,23.892319,25.727421,27.826061,30.032303,32.061752,33.563091,34.261921,,,,,,,,,-6.755240,-8.327227,-9.971823,-11.634981,-13.328369,-15.022714,-16.727802,-18.398214,-20.063631,-22.080700,-24.410694,-26.939356,-29.548981,-31.860826,-33.437565,-34.013306,,,,,
78,,,,,,6.732461,7.500123,8.266042,9.136326,9.888593,10.695094,11.512017,12.326543,13.155456,13.986989,14.824125,15.654324,16.474751,17.303635,18.123838,18.944180,19.750536,20.552275,21.336493,22.513874,24.031994,25.859715,27.936970,30.084270,32.002911,33.328236,33.874233,,,,,,,,,-6.800479,-8.391598,-10.047159,-11.728675,-13.439178,-15.150739,-16.866335,-18.549713,-20.219069,-22.235052,-24.552355,-27.059570,-29.610201,-31.789660,-33.174622,-33.595078,,,,,
79,,,,,,6.773330,7.547615,8.324317,9.197986,9.956159,10.771734,11.600142,12.418679,13.255231,14.097231,14.938632,15.773718,16.598089,17.431141,18.255190,19.077951,19.891706,20.694042,21.478409,22.653841,24.164679,25.983248,28.034901,30.116859,31.905251,33.064453,33.475925,,,,,,,,,-6.845680,-8.456786,-10.123312,-11.826612,-13.550097,-15.276419,-17.002014,-18.692709,-20.364653,-22.383995,-24.691679,-27.172430,-29.650906,-31.688408,-32.884205,-33.170151,,,,,
80,,,,,,6.813998,7.594926,8.382865,9.227030,10.024394,10.848321,11.680883,12.510798,13.354858,14.204629,15.051504,15.891069,16.720127,17.557354,18.389927,19.209248,20.023832,20.831892,21.610277,22.788414,24.294979,26.098307,28.118093,30.128864,31.781822,32.787365,33.071129,,,,,,,,,-6.890739,-8.525827,-10.199883,-11.916460,-13.660952,-15.401193,-17.136623,-18.839355,-20.512745,-22.527166,-24.822462,-27.273718,-29.671177,-31.560205,-32.572117,,,,,,
81,,,,,,6.854463,7.641999,8.440784,9.275206,10.089924,10.924845,11.765335,12.602694,13.454403,14.306957,15.163388,16.007381,16.840761,17.681616,18.516655,19.337557,20.152683,20.960054,21.743307,22.917280,24.413406,26.204300,28.184029,30.114759,31.634996,32.481544,,,,,,,,,,-6.933724,-8.600369,-10.276674,-12.010560,-13.771759,-15.525371,-17.269632,-18.977177,-20.650637,-22.658581,-24.939869,-27.356977,-29.671721,-31.406548,-32.257298,,,,,,
82,,,,,,6.893074,7.686993,8.505569,9.328512,10.158577,10.998005,11.849831,12.690495,13.551186,14.413742,15.269322,16.122547,16.959839,17.803949,18.635593,19.462963,20.278051,21.084682,21.866421,23.040379,24.525486,26.301111,28.238426,30.077635,31.454912,32.165482,,,,,,,,,,-6.976686,-8.691976,-10.350350,-12.104997,-13.877699,-15.643167,-17.400936,-19.112293,-20.784451,-22.789618,-25.054066,-27.428238,-29.652308,-31.220673,-31.921240,,,,,,
83,,,,,,6.932267,7.732575,8.577454,9.385429,10.225024,11.075471,11.931312,12.782918,13.647663,14.515236,15.374800,16.232443,17.073454,17.919918,18.758419,19.586418,20.401093,21.206598,21.991209,23.153795,24.636707,26.392754,28.277876,30.014685,31.251423,31.851685,,,,,,,,,,-7.022279,-8.753416,-10.428365,-12.196185,-13.989293,-15.766321,-17.525692,-19.239639,-20.915102,-22.915247,-25.156590,-27.486277,-29.606577,-31.009501,-31.592154,,,,,,
84,,,,,,6.971030,7.753780,8.656252,9.443219,10.291154,11.149180,12.012250,12.870713,13.742606,14.619682,15.478708,16.340551,17.189819,18.038294,18.877935,19.705950,20.519686,21.323738,22.105238,23.264738,24.735643,26.469769,28.302799,29.934057,31.028065,31.521807,,,,,,,,,,,-8.786306,-10.502695,-12.286942,-14.094886,-15.877880,-17.653465,-19.369019,-21.040916,-23.028370,-25.254099,-27.528730,-29.531700,-30.782045,-31.248352,,,,,,
85,,,,,,7.009563,7.801716,8.684168,9.503870,10.357143,11.222506,12.092684,12.958018,13.836868,14.712830,15.585832,16.451605,17.298792,18.148855,18.989048,19.821589,20.633963,21.435997,22.213816,23.369465,24.830873,26.533241,28.309881,29.820709,30.797318,31.191082,,,,,,,,,,,-8.833059,-10.576888,-12.377397,-14.196671,-15.996372,-17.773050,-19.494499,-21.161604,-23.139225,-25.342253,-27.558542,-29.435720,-30.544209,-30.905081,,,,,,
86,,,,,,7.047763,7.849666,8.721478,9.559206,10.422882,11.295402,12.172659,13.045138,13.934727,14.810514,15.686712,16.556154,17.405481,18.261356,19.101778,19.928482,20.743988,21.547812,22.321241,23.467955,24.914253,26.587269,28.298946,29.689796,30.545452,30.859238,,,,,,,,,,,-8.886108,-10.651066,-12.471505,-14.301297,-16.108818,-17.895258,-19.610538,-21.276861,-23.242920,-25.417530,-27.572050,-29.316786,-30.285727,,,,,,,
87,,,,,,7.085679,7.897939,8.764694,9.617190,10.488281,11.367858,12.252048,13.129664,14.026037,14.905786,15.786009,16.658674,17.514393,18.366018,19.206253,20.036299,20.849815,21.649776,22.418394,23.559992,24.992590,26.630461,28.270098,29.538647,30.283632,,,,,,,,,,,,-8.939107,-10.725064,-12.561078,-14.408413,-16.219353,-18.009205,-19.727592,-21.386667,-23.339624,-25.485674,-27.568914,-29.178253,-30.016819,,,,,,,
88,,,,,,7.121600,7.949152,8.811964,9.674962,10.553267,11.439875,12.330908,13.215399,14.116208,14.999797,15.883370,16.758972,17.615864,18.472242,19.311798,20.139969,20.950937,21.746838,22.513369,23.645466,25.061953,26.660940,28.213671,29.376301,30.014332,,,,,,,,,,,,-8.995543,-10.798766,-12.650148,-14.510022,-16.327982,-18.120192,-19.840281,-21.490826,-23.429066,-25.539713,-27.549610,-29.018816,-29.739441,,,,,,,
89,,,,,,7.158942,8.001997,8.858527,9.732428,10.617887,11.511330,12.409142,13.300185,14.202009,15.092289,15.979325,16.861412,17.714619,18.570740,19.413551,20.235180,21.047359,21.838718,22.599140,23.724388,25.121395,26.678650,28.139879,29.192209,29.751308,,,,,,,,,,,,-9.052296,-10.868832,-12.738669,-14.610170,-16.439236,-18.232801,-19.943817,-21.593472,-23.511774,-25.582970,-27.512474,-28.850925,-29.474253,,,,,,,
90,,,,,,7.195990,8.061885,8.907873,9.789566,10.682002,11.582177,12.486672,13.384339,14.287459,15.183187,16.073305,16.957052,17.814899,18.670349,19.507278,20.330509,21.139313,21.928555,22.683062,23.799519,25.173433,26.682201,28.050970,28.992737,29.478003,,,,,,,,,,,,-9.109210,-10.941814,-12.822534,-14.708914,-16.543346,-18.337242,-20.047497,-21.685934,-23.587545,-25.618084,-27.453691,-28.659975,-29.196062,,,,,,,
91,,,,,,7.219522,8.116590,8.956561,9.845567,10.744844,11.651679,12.562925,13.465894,14.372229,15.271787,16.168776,17.049683,17.907543,18.762102,19.601181,20.421471,21.225977,22.008692,22.760145,23.863167,25.212513,26.669886,27.942616,28.785595,29.204487,,,,,,,,,,,,-9.162845,-11.013732,-12.909052,-14.805476,-16.644587,-18.438124,-20.146105,-21.771856,-23.657446,-25.639004,-27.374386,-28.457819,-28.922722,,,,,,,
92,,,,,,7.242008,8.143007,9.004978,9.898618,10.804390,11.720537,12.637629,13.545750,14.455380,15.358180,16.257347,17.139032,17.996387,18.849554,19.686270,20.507223,21.309883,22.085880,22.830105,23.921083,25.242332,26.641451,27.809677,28.575062,28.934940,,,,,,,,,,,,-9.218736,-11.085176,-12.994651,-14.894712,-16.742815,-18.538908,-20.238932,-21.854319,-23.715832,-25.647549,-27.269089,-28.244326,,,,,,,,
93,,,,,,7.278498,8.173799,9.050909,9.953683,10.866130,11.785600,12.712074,13.624359,14.537006,15.443007,16.343554,17.225574,18.082043,18.937201,19.771027,20.588203,21.384665,22.157375,22.894007,23.971647,25.261099,26.596622,27.668724,28.348181,,,,,,,,,,,,,-9.274362,-11.156075,-13.078360,-14.986992,-16.838310,-18.631466,-20.326534,-21.930542,-23.766472,-25.642843,-27.153540,-28.030449,,,,,,,,
94,,,,,,7.316580,8.207507,9.098629,10.008219,10.927213,11.852976,12.785739,13.695756,14.616990,15.525794,16.427338,17.313070,18.168148,19.021044,19.851788,20.664423,21.457371,22.223301,22.954182,24.014353,25.269024,26.531048,27.517756,28.117918,,,,,,,,,,,,,-9.327106,-11.223186,-13.161205,-15.077664,-16.931049,-18.724152,-20.409201,-22.001043,-23.809149,-25.625996,-27.023056,-27.802303,,,,,,,,
95,,,,,,7.354649,8.245538,9.145984,10.062276,10.987734,11.919640,12.855412,13.771860,14.695341,15.606512,16.508698,17.393860,18.247444,19.097782,19.928522,20.739294,21.522470,22.283777,23.007885,24.050077,25.265890,26.450209,27.351192,27.887125,,,,,,,,,,,,,-9.382023,-11.292967,-13.242411,-15.166462,-17.024946,-18.812733,-20.486950,-22.065680,-23.845440,-25.596851,-26.884905,-27.573679,,,,,,,,
96,,,,,,7.392831,8.284629,9.190851,10.113436,11.047636,11.985591,12.926501,13.845620,14.771803,15.688725,16.587570,17.471891,18.327068,19.174667,20.001198,20.806278,21.585587,22.341284,23.056866,24.076889,25.251017,26.355600,27.176479,27.663342,,,,,,,,,,,,,-9.436639,-11.362185,-13.323078,-15.253284,-17.111870,-18.893782,-20.562885,-22.124466,-23.872742,-25.554022,-26.730036,-27.341661,,,,,,,,
97,,,,,,7.433294,8.322241,9.237470,10.166553,11.104241,12.050817,12.996165,13.918072,14.847039,15.765222,16.667416,17.550461,18.403381,19.247892,20.072830,20.871288,21.646132,22.393585,23.098116,24.095018,25.224983,26.248671,26.993771,27.431454,,,,,,,,,,,,,,-11.430825,-13.402717,-15.338135,-17.199709,-18.974569,-20.630527,-22.179838,-23.890902,-25.485689,-26.565088,-27.118700,,,,,,,,
98,,,,,,,8.361595,9.283705,10.219117,11.162936,12.115243,13.064685,13.989077,14.920474,15.839540,16.741222,17.622719,18.476582,19.317509,20.137581,20.931944,21.699526,22.441486,23.133734,24.104418,25.176891,26.134584,26.810686,27.200481,,,,,,,,,,,,,,-11.498849,-13.481474,-15.420908,-17.280592,-19.051344,-20.696632,-22.229218,-23.900164,-25.408516,-26.391436,-26.887877,,,,,,,,
99,,,,,,,8.399919,9.328559,10.270208,11.219932,12.177776,13.133873,14.060556,14.993998,15.910375,16.814276,17.693811,18.541990,19.384579,20.199055,20.986349,21.748741,22.480360,23.158232,24.101978,25.116154,26.000713,26.617594,,,,,,,,,,,,,,,-11.565101,-13.557365,-15.503719,-17.360365,-19.125261,-20.755690,-22.269234,-23.897356,-25.321209,-26.216061,,,,,,,,,
100,,,,,,,8.437603,9.372647,10.320387,11.275910,12.239313,13.192754,14.126987,15.061999,15.981585,16.881113,17.761284,18.609447,19.444859,20.255562,21.038448,21.793026,22.512396,23.176100,24.089418,25.047352,25.861248,26.425156,,,,,,,,,,,,,,,-11.630365,-13.634877,-15.580291,-17.436405,-19.191530,-20.811832,-22.302444,-23.884439,-25.218204,-26.034956,,,,,,,,,
101,,,,,,,8.474885,9.416199,10.369916,11.331078,12.299709,13.255402,14.191534,15.127994,16.047302,16.948177,17.825972,18.670738,19.503853,20.308020,21.084200,21.832260,22.538876,23.186430,24.067860,24.964952,25.716219,26.232578,,,,,,,,,,,,,,,-11.694806,-13.707522,-15.657845,-17.506010,-19.253809,-20.861237,-22.329847,-23.862505,-25.102772,-25.845398,,,,,,,,,
102,,,,,,,8.511759,9.459202,10.418803,11.387936,12.358680,13.316501,14.254925,15.194892,16.113529,17.012363,17.887691,18.728670,19.558928,20.356546,21.127398,21.865101,22.558481,23.188580,24.031069,24.872482,25.569035,26.039446,,,,,,,,,,,,,,,-11.758531,-13.772891,-15.729645,-17.575527,-19.314562,-20.907816,-22.350058,-23.829981,-24.986973,-25.664106,,,,,,,,,
103,,,,,,,8.547722,9.501180,10.466512,11.440941,12.418145,13.375706,14.318731,15.256101,16.173822,17.070486,17.945700,18.782696,19.609520,20.402369,21.165632,21.892336,22.570164,23.181744,23.982855,24.771317,25.411497,25.849209,,,,,,,,,,,,,,,-11.820857,-13.841073,-15.801459,-17.640913,-19.370567,-20.948635,-22.362226,-23.781303,-24.856291,-25.476095,,,,,,,,,
104,,,,,,,8.583835,9.543264,10.514259,11.493812,12.474597,13.436934,14.378809,15.318843,16.235346,17.129738,18.001802,18.836817,19.657127,20.443573,21.200525,21.914885,22.576763,23.168230,23.923655,24.664991,25.248781,25.655857,,,,,,,,,,,,,,,-11.882290,-13.911812,-15.868608,-17.704037,-19.423456,-20.984957,-22.369093,-23.721657,-24.722397,-25.288221,,,,,,,,,
105,,,,,,,8.619766,9.585029,10.561500,11.547163,12.530179,13.494298,14.440030,15.377042,16.294577,17.186600,18.055313,18.887766,19.701696,20.483295,21.230316,21.931616,22.576199,23.147270,23.855431,24.548338,25.086035,,,,,,,,,,,,,,,,-11.942764,-13.978001,-15.936481,-17.766853,-19.472418,-21.016216,-22.369001,-23.652809,-24.577942,-25.101171,,,,,,,,,
106,,,,,,,8.655178,9.626181,10.608079,11.598047,12.578171,13.550159,14.496727,15.435583,16.351259,17.240749,18.105961,18.935343,19.742767,20.518951,21.255882,21.942160,22.568399,23.109106,23.779247,24.420664,24.924793,,,,,,,,,,,,,,,,-12.004906,-14.045332,-16.001690,-17.823603,-19.517546,-21.042170,-22.361588,-23.576300,-24.436174,-24.921146,,,,,,,,,
107,,,,,,,8.690019,9.666689,10.655896,11.648708,12.634070,13.606702,14.553980,15.491727,16.405396,17.294170,18.155548,18.979441,19.781807,20.550468,21.275793,21.946320,22.553137,23.060923,23.699532,24.291039,24.758991,,,,,,,,,,,,,,,,-12.062650,-14.107759,-16.063955,-17.879206,-19.560364,-21.063314,-22.346176,-23.494610,-24.285147,,,,,,,,,,
108,,,,,,,8.724348,9.706520,10.700842,11.700287,12.685043,13.659511,14.609086,15.545556,16.457075,17.342724,18.202021,19.020054,19.817514,20.578106,21.290154,21.943882,22.524979,23.007895,23.607071,24.160427,24.597725,,,,,,,,,,,,,,,,-12.120747,-14.171110,-16.123459,-17.929556,-19.597757,-21.078854,-22.323105,-23.401606,-24.130505,,,,,,,,,,
109,,,,,,,8.758229,9.747557,10.745025,11.748444,12.737037,13.713073,14.659974,15.597172,16.506426,17.390770,18.245537,19.058964,19.849844,20.601168,21.299440,21.935070,22.485186,22.946333,23.509596,24.023901,24.438679,,,,,,,,,,,,,,,,-12.179348,-14.232451,-16.180420,-17.978794,-19.633024,-21.089125,-22.284697,-23.303383,-23.976608,,,,,,,,,,
110,,,,,,,8.791569,9.786210,10.790477,11.797600,12.785522,13.764941,14.711226,15.646567,16.553455,17.434259,18.286112,19.094673,19.879768,20.619516,21.302925,21.919357,22.439796,22.877111,23.404882,23.884537,24.274900,,,,,,,,,,,,,,,,-12.234496,-14.289276,-16.234695,-18.024633,-19.665350,-21.093462,-22.239208,-23.192215,-23.827745,,,,,,,,,,
111,,,,,,,8.825986,9.824272,10.833200,11.843394,12.834855,13.815143,14.760549,15.693845,16.600061,17.477221,18.324041,19.126348,19.904699,20.633127,21.300644,21.889145,22.387342,22.799999,23.298555,23.743458,24.111002,,,,,,,,,,,,,,,,-12.291266,-14.346714,-16.286510,-18.067333,-19.692001,-21.092331,-22.186056,-23.086645,-23.674089,,,,,,,,,,
112,,,,,,,8.858429,9.863403,10.877059,,,13.861643,14.807945,15.739209,16.642586,17.517614,18.360584,19.157537,19.926746,20.642366,21.292862,21.852501,22.327776,22.720690,23.185024,23.606710,,,,,,,,,,,,,,,,,-12.346759,-14.402177,-16.337753,-18.108578,-19.715721,-21.085529,-22.126558,-22.968561,-23.518618,,,,,,,,,,
113,,,,,,,,9.900254,10.918071,,,13.908451,14.853386,15.784302,16.684603,17.557060,18.394186,19.184666,19.944763,20.646605,21.277782,21.809397,22.261887,22.632505,23.061899,23.463768,,,,,,,,,,,,,,,,,-12.398468,-14.455652,-16.384382,-18.146450,-19.735212,-21.072159,-22.063301,-22.849489,-23.369267,,,,,,,,,,
114,,,,,,,,9.938112,,,,13.953656,14.898819,15.825573,16.724442,17.592505,18.424978,19.209757,19.959293,20.645880,21.247990,21.759727,22.189829,22.538136,22.940943,23.322578,,,,,,,,,,,,,,,,,-12.451206,-14.509309,-16.430679,-18.179943,-19.750574,-21.047554,-21.990700,-22.729422,-23.225031,,,,,,,,,,
115,,,,,,,,,,,,13.997015,14.940293,15.866363,16.761822,17.626743,18.452986,19.231020,19.968794,20.639675,21.217567,21.707693,22.112282,22.439398,22.824751,23.183504,,,,,,,,,,,,,,,,,-12.502538,-14.558503,-16.474110,-18.212679,-19.761696,-21.016958,-21.911240,-22.607115,,,,,,,,,,,
116,,,,,,,,,,,,14.040364,14.979883,15.905046,16.796879,17.657150,18.478313,19.248663,19.974348,20.624916,21.177448,21.643612,22.031174,22.342915,22.698669,23.048290,,,,,,,,,,,,,,,,,-12.546333,-14.605624,-16.515051,-18.241186,-19.768232,-20.978495,-21.833862,-22.480650,,,,,,,,,,,
117,,,,,,,,,,,,14.080231,15.019459,15.941813,16.831276,17.686621,18.502201,19.263119,19.975592,20.602081,21.131462,21.579651,21.941832,22.238400,22.576572,22.935106,,,,,,,,,,,,,,,,,-12.594284,-14.652717,-16.555019,-18.267052,-19.770626,-20.932421,-21.744129,-22.355742,,,,,,,,,,,
118,,,,,,,,,,,,14.118535,15.057228,15.976670,16.862232,17.714781,18.523481,19.274618,19.972361,20.574772,21.082096,21.506821,21.857725,22.130711,22.453835,22.885185,,,,,,,,,,,,,,,,,-12.640998,-14.696022,-16.591045,-18.290806,-19.768660,-20.885197,-21.656065,-22.227831,,,,,,,,,,,
119,,,,,,,,,,,,14.156847,15.093272,16.009821,16.892532,17.739548,18.541843,19.282396,19.962591,20.540636,21.028219,21.434507,21.761541,22.019434,22.331135,22.822929,,,,,,,,,,,,,,,,,-12.688310,-14.739244,-16.626204,-18.311501,-19.762489,-20.831144,-21.557425,-22.101538,,,,,,,,,,,
120,,,,,,,,,,,,14.191997,15.127652,16.041197,16.920832,17.762989,18.557447,19.286558,19.944304,20.499857,20.972198,21.354544,21.664825,21.908400,22.279837,22.759878,,,,,,,,,,,,,,,,,-12.732251,-14.780551,-16.657717,-18.329208,-19.747055,-20.775089,-21.462559,-21.983463,,,,,,,,,,,
121,,,,,,,,,,,,14.227098,15.160449,16.072117,16.947161,17.783518,18.570599,19.287086,19.920549,20.458399,20.906698,21.270887,21.564442,21.796068,22.236242,,,,,,,,,,,,,,,,,,-12.774859,-14.819887,-16.688299,-18.344448,-19.724752,-20.709635,-21.359125,-21.940958,,,,,,,,,,,
122,,,,,,,,,,,,14.260786,15.191630,16.101267,16.971821,17.803383,18.580818,19.283854,19.893438,20.410038,20.840593,21.187134,21.465670,21.745192,22.191158,,,,,,,,,,,,,,,,,,-12.817885,-14.857507,-16.717838,-18.356190,-19.700964,-20.643930,-21.256134,-21.890253,,,,,,,,,,,
123,,,,,,,,,,,,14.293624,15.222001,16.129589,16.996603,17.821623,18.589499,19.271584,19.861931,20.358948,20.766554,21.097816,21.378937,21.714077,22.143553,,,,,,,,,,,,,,,,,,-12.858253,-14.894103,-16.745182,-18.366991,-19.668736,-20.573488,-21.152519,-21.839123,,,,,,,,,,,
124,,,,,,,,,,,,14.326314,15.253420,16.157574,17.020679,17.838659,18.596264,19.253189,19.825119,20.302416,20.690678,21.005163,21.356573,21.683365,22.093693,,,,,,,,,,,,,,,,,,-12.900269,-14.931709,-16.772713,-18.375872,-19.633081,-20.497444,-21.115185,-21.782957,,,,,,,,,,,
125,,,,,,,,,,,,14.357523,15.283248,16.183937,17.042913,17.854048,18.596329,19.233068,19.785271,20.243305,20.613388,20.959707,21.330162,21.646957,22.042318,,,,,,,,,,,,,,,,,,-12.940630,-14.965957,-16.798079,-18.381968,-19.596298,-20.420975,-21.085581,-21.729876,,,,,,,,,,,
126,,,,,,,,,,,,14.388578,15.311600,16.209749,17.063137,17.867245,18.588818,19.207245,19.742853,20.182192,20.534863,20.951199,21.304886,21.608860,21.992910,,,,,,,,,,,,,,,,,,-12.979515,-14.999817,-16.821518,-18.374901,-19.552570,-20.337624,-21.051184,-21.675314,,,,,,,,,,,
127,,,,,,,,,,,,14.418107,15.338541,16.233908,17.082273,17.877419,18.579510,19.179876,19.694111,20.114950,20.523394,20.934343,21.276543,21.573418,21.941200,,,,,,,,,,,,,,,,,,-13.016793,-15.031845,-16.842789,-18.366467,-19.504795,-20.322493,-21.016104,-21.617785,,,,,,,,,,,
128,,,,,,,,,,,,14.446260,15.365087,16.257380,17.099590,17.876053,18.561426,19.147377,19.641798,20.051926,20.518761,20.916664,21.246296,21.534479,21.884516,,,,,,,,,,,,,,,,,,-13.054049,-15.063391,-16.862928,-18.353397,-19.455389,-20.313532,-20.980389,-21.559553,,,,,,,,,,,
129,,,,,,,,,,,,14.473158,15.390204,16.278500,17.115648,17.874334,18.544847,19.111105,19.587574,20.062004,20.509924,20.885931,21.214998,21.493759,21.828600,,,,,,,,,,,,,,,,,,-13.088347,-15.093218,-16.881536,-18.335995,-19.402943,-20.302347,-20.940022,,,,,,,,,,,,
130,,,,,,,,,,,,14.499716,15.413939,16.299601,17.123110,17.868385,18.523579,19.071743,19.548965,20.062267,20.499401,20.865673,21.183985,21.449499,21.770990,,,,,,,,,,,,,,,,,,-13.122584,-15.121383,-16.896797,-18.317862,-19.387047,-20.283428,-20.901419,,,,,,,,,,,,
131,,,,,,,,,,,,14.525450,15.437867,16.319126,17.128468,17.861475,18.499586,19.031229,19.565594,20.062897,20.486156,20.839899,21.151340,21.409945,21.710028,,,,,,,,,,,,,,,,,,-13.155662,-15.148549,-16.902514,-18.296228,-19.403397,-20.259607,-20.861670,,,,,,,,,,,,
132,,,,,,,,,,,,14.552362,15.462960,16.332075,17.128006,17.848682,18.473341,19.006918,19.577530,20.061983,20.472748,20.816555,21.116848,21.365175,,,,,,,,,,,,,,,,,,,-13.191202,-15.177747,-16.905802,-18.269402,-19.413206,-20.238070,-20.822117,,,,,,,,,,,,
133,,,,,,,,,,,,14.577851,15.486592,16.342102,17.128971,17.833908,18.439960,19.032728,19.587944,20.057213,20.455851,20.790102,21.081379,21.318119,,,,,,,,,,,,,,,,,,,-13.225136,-15.205566,-16.908258,-18.245794,-19.419201,-20.217321,-20.780977,,,,,,,,,,,,
134,,,,,,,,,,,,14.604555,15.499510,16.348211,17.128773,17.819895,,19.055059,19.592447,20.050922,20.430883,20.763887,21.047869,21.275068,,,,,,,,,,,,,,,,,,,-13.257758,-15.228218,-16.907881,-18.284893,-19.422451,-20.191721,-20.740105,,,,,,,,,,,,
135,,,,,,,,,,,,14.628627,15.513705,16.355940,17.124651,17.801779,,19.075075,19.599602,20.042227,20.416565,20.738245,21.012844,21.228567,,,,,,,,,,,,,,,,,,,-13.289021,-15.244756,-16.908613,-18.320812,-19.426128,-20.167974,-20.693342,,,,,,,,,,,,
136,,,,,,,,,,,,14.642838,15.526109,16.361481,17.117990,17.798088,,19.094168,19.600292,20.033674,20.398001,20.711254,20.975454,21.174227,,,,,,,,,,,,,,,,,,,-13.320005,-15.257935,-16.904879,-18.353413,-19.423927,-20.118696,-20.626955,,,,,,,,,,,,
137,,,,,,,,,,,,14.656832,15.536285,16.364037,17.109282,,,19.108156,19.604496,20.024656,20.377554,20.683828,20.930504,21.101011,,,,,,,,,,,,,,,,,,,-13.350678,-15.271785,-16.935148,-18.383457,-19.404610,-20.067659,-20.562452,,,,,,,,,,,,
138,,,,,,,,,,,,14.670390,15.546287,16.365732,17.113403,,,19.122780,19.603035,20.013268,20.342552,20.629204,20.861414,21.014462,,,,,,,,,,,,,,,,,,,-13.372910,-15.282319,-16.986675,-18.409130,-19.373608,-20.018484,-20.495420,,,,,,,,,,,,
139,,,,,,,,,,,,14.683269,15.552384,16.365280,17.163406,,,19.133362,19.591141,19.960695,20.292318,20.573299,20.788273,20.932959,,,,,,,,,,,,,,,,,,,-13.391934,-15.294758,-17.037430,-18.408360,-19.338068,-19.966061,-20.432074,,,,,,,,,,,,
140,,,,,,,,,,,,14.695575,15.559845,16.377550,17.212969,,,19.121244,19.555660,19.922522,20.244701,20.516527,20.713417,,,,,,,,,,,,,,,,,,,,-13.410430,-15.335251,-17.088272,-18.407352,-19.301777,-19.913982,-20.365664,,,,,,,,,,,,
141,,,,,,,,,,,,14.706310,15.567170,16.428394,,,,19.102465,19.523708,19.885607,20.198845,20.458904,20.638975,,,,,,,,,,,,,,,,,,,,-13.427691,-15.393284,-17.122200,-18.400982,-19.262793,-19.862045,-20.293709,,,,,,,,,,,,
142,,,,,,,,,,,,14.717346,15.589113,16.483076,,,,19.076908,19.489090,19.845453,20.153021,20.395884,20.562740,,,,,,,,,,,,,,,,,,,,-13.479027,-15.451849,-17.147903,-18.392246,-19.220636,-19.817232,-20.218401,,,,,,,,,,,,
143,,,,,,,,,,,,14.726912,15.642944,16.535454,,,,19.052969,19.458109,19.803013,20.105812,20.329203,20.484098,,,,,,,,,,,,,,,,,,,,-13.533669,-15.509379,-17.171562,-18.378630,-19.182320,-19.763258,-20.142134,,,,,,,,,,,,
144,,,,,,,,,,,,14.765117,15.698861,16.584997,,,,19.025696,19.422020,19.762045,20.052294,20.261099,20.407665,,,,,,,,,,,,,,,,,,,,-13.588286,-15.558582,-17.192726,-18.364517,-19.143593,-19.712044,,,,,,,,,,,,,
145,,,,,,,,,,,,14.819170,15.751445,,,,,18.996265,19.382385,19.721962,19.996403,20.192263,,,,,,,,,,,,,,,,,,,,,-13.645596,-15.597875,-17.211500,-18.344427,-19.103626,-19.654470,,,,,,,,,,,,,
146,,,,,,,,,,,,14.873776,15.797824,,,,,18.970327,19.345921,19.678219,19.940804,20.122875,,,,,,,,,,,,,,,,,,,,,-13.700252,-15.637432,-17.223866,-18.321732,-19.062277,-19.604996,,,,,,,,,,,,,
147,,,,,,,,,,,,14.927099,15.834844,,,,,18.938538,19.312159,19.636463,19.880802,20.053135,,,,,,,,,,,,,,,,,,,,,-13.753345,-15.676115,-17.236856,-18.297661,-19.018156,-19.546179,,,,,,,,,,,,,
148,,,,,,,,,,,,14.972762,15.868771,,,,,18.911821,19.277279,19.590847,19.819542,19.976419,,,,,,,,,,,,,,,,,,,,,-13.803199,-15.711174,-17.246330,-18.272448,-18.980383,-19.485533,,,,,,,,,,,,,
149,,,,,,,,,,,,15.011827,15.899943,,,,,18.879190,19.242069,19.542685,19.757830,,,,,,,,,,,,,,,,,,,,,,-13.845516,,-17.249691,-18.245707,-18.937906,-19.423286,,,,,,,,,,,,,
150,,,,,,,,,,,,15.049445,,,,,,18.851122,19.205490,19.489685,19.691763,,,,,,,,,,,,,,,,,,,,,,-13.886915,,-17.252375,-18.215595,-18.898615,-19.361467,,,,,,,,,,,,,
151,,,,,,,,,,,,15.084428,,,,,,18.819374,19.166918,19.436827,19.627722,,,,,,,,,,,,,,,,,,,,,,-13.929339,,-17.250324,-18.186825,-18.854855,-19.294022,,,,,,,,,,,,,
152,,,,,,,,,,,,15.119338,,,,,,18.782627,19.128286,19.379038,19.559568,,,,,,,,,,,,,,,,,,,,,,-13.969308,,-17.246349,-18.155769,-18.810947,-19.227554,,,,,,,,,,,,,
153,,,,,,,,,,,,15.153824,,,,,,18.751804,19.081219,19.323433,,,,,,,,,,,,,,,,,,,,,,,-14.011995,,-17.240091,-18.124485,-18.768160,-19.159557,,,,,,,,,,,,,
154,,,,,,,,,,,,15.185364,,,,,,18.720165,19.038370,19.265657,,,,,,,,,,,,,,,,,,,,,,,-14.049734,,-17.230444,-18.090544,-18.723078,-19.091972,,,,,,,,,,,,,
155,,,,,,,,,,,,,,,,,,18.687569,18.991243,19.207260,,,,,,,,,,,,,,,,,,,,,,,,,-17.217020,-18.060442,-18.674322,,,,,,,,,,,,,,
156,,,,,,,,,,,,,,,,,,18.653996,18.940742,,,,,,,,,,,,,,,,,,,,,,,,,,-17.202547,-18.020094,-18.624350,,,,,,,,,,,,,,
157,,,,,,,,,,,,,,,,,,18.615675,18.887522,,,,,,,,,,,,,,,,,,,,,,,,,,-17.186558,-17.985712,-18.570406,,,,,,,,,,,,,,
158,,,,,,,,,,,,,,,,,,18.578154,18.835691,,,,,,,,,,,,,,,,,,,,,,,,,,-17.167345,-17.954739,-18.517929,,,,,,,,,,,,,,
159,,,,,,,,,,,,,,,,,,18.535463,18.780869,,,,,,,,,,,,,,,,,,,,,,,,,,-17.147604,-17.920277,-18.463549,,,,,,,,,,,,,,
160,,,,,,,,,,,,,,,,,,18.492899,18.725489,,,,,,,,,,,,,,,,,,,,,,,,,,-17.126957,-17.887083,-18.408201,,,,,,,,,,,,,,
161,,,,,,,,,,,,,,,,,,18.447504,,,,,,,,,,,,,,,,,,,,,,,,,,,-17.104122,-17.850971,,,,,,,,,,,,,,,
162,,,,,,,,,,,,,,,,,,18.399389,,,,,,,,,,,,,,,,,,,,,,,,,,,-17.079716,-17.817579,,,,,,,,,,,,,,,
163,,,,,,,,,,,,,,,,,,18.351124,,,,,,,,,,,,,,,,,,,,,,,,,,,-17.053143,-17.782616,,,,,,,,,,,,,,,
164,,,,,,,,,,,,,,,,,,18.298887,,,,,,,,,,,,,,,,,,,,,,,,,,,-17.028088,-17.738155,,,,,,,,,,,,,,,
165,,,,,,,,,,,,,,,,,,,,,,,,,,,,,,,,,,,,,,,,,,,,,-17.002563,-17.697357,,,,,,,,,,,,,,,
166,,,,,,,,,,,,,,,,,,,,,,,,,,,,,,,,,,,,,,,,,,,,,-16.976521,-17.657965,,,,,,,,,,,,,,,
167,,,,,,,,,,,,,,,,,,,,,,,,,,,,,,,,,,,,,,,,,,,,,-16.948349,-17.614676,,,,,,,,,,,,,,,
168,,,,,,,,,,,,,,,,,,,,,,,,,,,,,,,,,,,,,,,,,,,,,-16.921761,-17.569035,,,,,,,,,,,,,,,
169,,,,,,,,,,,,,,,,,,,,,,,,,,,,,,,,,,,,,,,,,,,,,-16.893682,,,,,,,,,,,,,,,,
170,,,,,,,,,,,,,,,,,,,,,,,,,,,,,,,,,,,,,,,,,,,,,-16.865320,,,,,,,,,,,,,,,,
171,,,,,,,,,,,,,,,,,,,,,,,,,,,,,,,,,,,,,,,,,,,,,-16.836611,,,,,,,,,,,,,,,,
172,,,,,,,,,,,,,,,,,,,,,,,,,,,,,,,,,,,,,,,,,,,,,-16.809416,,,,,,,,,,,,,,,,
173,,,,,,,,,,,,,,,,,,,,,,,,,,,,,,,,,,,,,,,,,,,,,-16.781010,,,,,,,,,,,,,,,,
174,,,,,,,,,,,,,,,,,,,,,,,,,,,,,,,,,,,,,,,,,,,,,-16.753256,,,,,,,,,,,,,,,,
175,,,,,,,,,,,,,,,,,,,,,,,,,,,,,,,,,,,,,,,,,,,,,-16.713768,,,,,,,,,,,,,,,,
176,,,,,,,,,,,,,,,,,,,,,,,,,,,,,,,,,,,,,,,,,,,,,-16.684631,,,,,,,,,,,,,,,,
177,,,,,,,,,,,,,,,,,,,,,,,,,,,,,,,,,,,,,,,,,,,,,-16.648922,,,,,,,,,,,,,,,,
178,,,,,,,,,,,,,,,,,,,,,,,,,,,,,,,,,,,,,,,,,,,,,-16.612898,,,,,,,,,,,,,,,,
179,,,,,,,,,,,,,,,,,,,,,,,,,,,,,,,,,,,,,,,,,,,,,,,,,,,,,,,,,,,,,
180,,,,,,,,,,,,,,,,,,,,,,,,,,,,,,,,,,,,,,,,,,,,,,,,,,,,,,,,,,,,,
181,,,,,,,,,,,,,,,,,,,,,,,,,,,,,,,,,,,,,,,,,,,,,,,,,,,,,,,,,,,,,
182,,,,,,,,,,,,,,,,,,,,,,,,,,,,,,,,,,,,,,,,,,,,,,,,,,,,,,,,,,,,,
183,,,,,,,,,,,,,,,,,,,,,,,,,,,,,,,,,,,,,,,,,,,,,,,,,,,,,,,,,,,,,
184,,,,,,,,,,,,,,,,,,,,,,,,,,,,,,,,,,,,,,,,,,,,,,,,,,,,,,,,,,,,,
185,,,,,,,,,,,,,,,,,,,,,,,,,,,,,,,,,,,,,,,,,,,,,,,,,,,,,,,,,,,,,
186,,,,,,,,,,,,,,,,,,,,,,,,,,,,,,,,,,,,,,,,,,,,,,,,,,,,,,,,,,,,,
187,,,,,,,,,,,,,,,,,,,,,,,,,,,,,,,,,,,,,,,,,,,,,,,,,,,,,,,,,,,,,
188,,,,,,,,,,,,,,,,,,,,,,,,,,,,,,,,,,,,,,,,,,,,,,,,,,,,,,,,,,,,,
189,,,,,,,,,,,,,,,,,,,,,,,,,,,,,,,,,,,,,,,,,,,,,,,,,,,,,,,,,,,,,
190,,,,,,,,,,,,,,,,,,,,,,,,,,,,,,,,,,,,,,,,,,,,,,,,,,,,,,,,,,,,,
191,,,,,,,,,,,,,,,,,,,,,,,,,,,,,,,,,,,,,,,,,,,,,,,,,,,,,,,,,,,,,
192,,,,,,,,,,,,,,,,,,,,,,,,,,,,,,,,,,,,,,,,,,,,,,,,,,,,,,,,,,,,,
193,,,,,,,,,,,,,,,,,,,,,,,,,,,,,,,,,,,,,,,,,,,,,,,,,,,,,,,,,,,,,
194,,,,,,,,,,,,,,,,,,,,,,,,,,,,,,,,,,,,,,,,,,,,,,,,,,,,,,,,,,,,,
195,,,,,,,,,,,,,,,,,,,,,,,,,,,,,,,,,,,,,,,,,,,,,,,,,,,,,,,,,,,,,
196,,,,,,,,,,,,,,,,,,,,,,,,,,,,,,,,,,,,,,,,,,,,,,,,,,,,,,,,,,,,,
197,,,,,,,,,,,,,,,,,,,,,,,,,,,,,,,,,,,,,,,,,,,,,,,,,,,,,,,,,,,,,
198,,,,,,,,,,,,,,,,,,,,,,,,,,,,,,,,,,,,,,,,,,,,,,,,,,,,,,,,,,,,,
199,,,,,,,,,,,,,,,,,,,,,,,,,,,,,,,,,,,,,,,,,,,,,,,,,,,,,,,,,,,,,
200,,,,,,,,,,,,,,,,,,,,,,,,,,,,,,,,,,,,,,,,,,,,,,,,,,,,,,,,,,,,,
201,,,,,,,,,,,,,,,,,,,,,,,,,,,,,,,,,,,,,,,,,,,,,,,,,,,,,,,,,,,,,
202,,,,,,,,,,,,,,,,,,,,,,,,,,,,,,,,,,,,,,,,,,,,,,,,,,,,,,,,,,,,,
203,,,,,,,,,,,,,,,,,,,,,,,,,,,,,,,,,,,,,,,,,,,,,,,,,,,,,,,,,,,,,
204,,,,,,,,,,,,,,,,,,,,,,,,,,,,,,,,,,,,,,,,,,,,,,,,,,,,,,,,,,,,,
205,,,,,,,,,,,,,,,,,,,,,,,,,,,,,,,,,,,,,,,,,,,,,,,,,,,,,,,,,,,,,
206,,,,,,,,,,,,,,,,,,,,,,,,,,,,,,,,,,,,,,,,,,,,,,,,,,,,,,,,,,,,,
207,,,,,,,,,,,,,,,,,,,,,,,,,,,,,,,,,,,,,,,,,,,,,,,,,,,,,,,,,,,,,
208,,,,,,,,,,,,,,,,,,,,,,,,,,,,,,,,,,,,,,,,,,,,,,,,,,,,,,,,,,,,,
209,,,,,,,,,,,,,,,,,,,,,,,,,,,,,,,,,,,,,,,,,,,,,,,,,,,,,,,,,,,,,
210,,,,,,,,,,,,,,,,,,,,,,,,,,,,,,,,,,,,,,,,,,,,,,,,,,,,,,,,,,,,,
211,,,,,,,,,,,,,,,,,,,,,,,,,,,,,,,,,,,,,,,,,,,,,,,,,,,,,,,,,,,,,
212,,,,,,,,,,,,,,,,,,,,,,,,,,,,,,,,,,,,,,,,,,,,,,,,,,,,,,,,,,,,,
213,,,,,,,,,,,,,,,,,,,,,,,,,,,,,,,,,,,,,,,,,,,,,,,,,,,,,,,,,,,,,
214,,,,,,,,,,,,,,,,,,,,,,,,,,,,,,,,,,,,,,,,,,,,,,,,,,,,,,,,,,,,,
215,,,,,,,,,,,,,,,,,,,,,,,,,,,,,,,,,,,,,,,,,,,,,,,,,,,,,,,,,,,,,
216,,,,,,,,,,,,,,,,,,,,,,,,,,,,,,,,,,,,,,,,,,,,,,,,,,,,,,,,,,,,,
217,,,,,,,,,,,,,,,,,,,,,,,,,,,,,,,,,,,,,,,,,,,,,,,,,,,,,,,,,,,,,
218,,,,,,,,,,,,,,,,,,,,,,,,,,,,,,,,,,,,,,,,,,,,,,,,,,,,,,,,,,,,,
219,,,,,,,,,,,,,,,,,,,,,,,,,,,,,,,,,,,,,,,,,,,,,,,,,,,,,,,,,,,,,
220,,,,,,,,,,,,,,,,,,,,,,,,,,,,,,,,,,,,,,,,,,,,,,,,,,,,,,,,,,,,,
221,,,,,,,,,,,,,,,,,,,,,,,,,,,,,,,,,,,,,,,,,,,,,,,,,,,,,,,,,,,,,
222,,,,,,,,,,,,,,,,,,,,,,,,,,,,,,,,,,,,,,,,,,,,,,,,,,,,,,,,,,,,,
223,,,,,,,,,,,,,,,,,,,,,,,,,,,,,,,,,,,,,,,,,,,,,,,,,,,,,,,,,,,,,
224,,,,,,,,,,,,,,,,,,,,,,,,,,,,,,,,,,,,,,,,,,,,,,,,,,,,,,,,,,,,,
225,,,,,,,,,,,,,,,,,,,,,,,,,,,,,,,,,,,,,,,,,,,,,,,,,,,,,,,,,,,,,
226,,,,,,,,,,,,,,,,,,,,,,,,,,,,,,,,,,,,,,,,,,,,,,,,,,,,,,,,,,,,,
227,,,,,,,,,,,,,,,,,,,,,,,,,,,,,,,,,,,,,,,,,,,,,,,,,,,,,,,,,,,,,
228,,,,,,,,,,,,,,,,,,,,,,,,,,,,,,,,,,,,,,,,,,,,,,,,,,,,,,,,,,,,,
229,,,,,,,,,,,,,,,,,,,,,,,,,,,,,,,,,,,,,,,,,,,,,,,,,,,,,,,,,,,,,
230,,,,,,,,,,,,,,,,,,,,,,,,,,,,,,,,,,,,,,,,,,,,,,,,,,,,,,,,,,,,,
231,,,,,,,,,,,,,,,,,,,,,,,,,,,,,,,,,,,,,,,,,,,,,,,,,,,,,,,,,,,,,
232,,,,,,,,,,,,,,,,,,,,,,,,,,,,,,,,,,,,,,,,,,,,,,,,,,,,,,,,,,,,,
233,,,,,,,,,,,,,,,,,,,,,,,,,,,,,,,,,,,,,,,,,,,,,,,,,,,,,,,,,,,,,
234,,,,,,,,,,,,,,,,,,,,,,,,,,,,,,,,,,,,,,,,,,,,,,,,,,,,,,,,,,,,,
235,,,,,,,,,,,,,,,,,,,,,,,,,,,,,,,,,,,,,,,,,,,,,,,,,,,,,,,,,,,,,
236,,,,,,,,,,,,,,,,,,,,,,,,,,,,,,,,,,,,,,,,,,,,,,,,,,,,,,,,,,,,,
237,,,,,,,,,,,,,,,,,,,,,,,,,,,,,,,,,,,,,,,,,,,,,,,,,,,,,,,,,,,,,
238,,,,,,,,,,,,,,,,,,,,,,,,,,,,,,,,,,,,,,,,,,,,,,,,,,,,,,,,,,,,,
239,,,,,,,,,,,,,,,,,,,,,,,,,,,,,,,,,,,,,,,,,,,,,,,,,,,,,,,,,,,,,
240,,,,,,,,,,,,,,,,,,,,,,,,,,,,,,,,,,,,,,,,,,,,,,,,,,,,,,,,,,,,,
241,,,,,,,,,,,,,,,,,,,,,,,,,,,,,,,,,,,,,,,,,,,,,,,,,,,,,,,,,,,,,
242,,,,,,,,,,,,,,,,,,,,,,,,,,,,,,,,,,,,,,,,,,,,,,,,,,,,,,,,,,,,,
243,,,,,,,,,,,,,,,,,,,,,,,,,,,,,,,,,,,,,,,,,,,,,,,,,,,,,,,,,,,,,
244,,,,,,,,,,,,,,,,,,,,,,,,,,,,,,,,,,,,,,,,,,,,,,,,,,,,,,,,,,,,,
245,,,,,,,,,,,,,,,,,,,,,,,,,,,,,,,,,,,,,,,,,,,,,,,,,,,,,,,,,,,,,
246,,,,,,,,,,,,,,,,,,,,,,,,,,,,,,,,,,,,,,,,,,,,,,,,,,,,,,,,,,,,,
247,,,,,,,,,,,,,,,,,,,,,,,,,,,,,,,,,,,,,,,,,,,,,,,,,,,,,,,,,,,,,
248,,,,,,,,,,,,,,,,,,,,,,,,,,,,,,,,,,,,,,,,,,,,,,,,,,,,,,,,,,,,,
249,,,,,,,,,,,,,,,,,,,,,,,,,,,,,,,,,,,,,,,,,,,,,,,,,,,,,,,,,,,,,
250,,,,,,,,,,,,,,,,,,,,,,,,,,,,,,,,,,,,,,,,,,,,,,,,,,,,,,,,,,,,,
